2024-09-16 16:03:51.370 | SUCCESS  | __main__:save_to_database:79 - Committed 1 posts to the database
2024-09-16 16:03:51.375 | SUCCESS  | __main__:make_api_calls:96 - Retrieved and saved 1 posts. Total: 1
2024-09-16 16:03:51.392 | SUCCESS  | __main__:<module>:128 - Successfully retrieved and saved 1 posts.
2024-09-16 16:07:54.976 | SUCCESS  | __main__:save_to_database:83 - Committed 1 posts to the database
2024-09-16 16:07:54.978 | SUCCESS  | __main__:make_api_calls:100 - Retrieved and saved 1 posts. Total: 1
2024-09-16 16:07:58.535 | SUCCESS  | __main__:save_to_database:83 - Committed 1 posts to the database
2024-09-16 16:07:58.536 | SUCCESS  | __main__:make_api_calls:100 - Retrieved and saved 1 posts. Total: 2
2024-09-16 16:12:53.757 | SUCCESS  | __main__:save_to_database:93 - Committed 1 posts to the database
2024-09-16 16:12:53.759 | SUCCESS  | __main__:make_api_calls:110 - Retrieved and saved 1 posts. Total: 1
2024-09-16 16:12:59.199 | SUCCESS  | __main__:save_to_database:93 - Committed 1 posts to the database
2024-09-16 16:12:59.200 | SUCCESS  | __main__:make_api_calls:110 - Retrieved and saved 1 posts. Total: 2
2024-09-16 16:25:15.922 | SUCCESS  | __main__:save_to_database:106 - Committed 1 posts to the database
2024-09-16 16:25:15.924 | SUCCESS  | __main__:make_api_calls:123 - Retrieved and saved 1 posts. Total: 1
2024-09-16 16:28:39.488 | SUCCESS  | __main__:save_to_database:106 - Committed 1 posts to the database
2024-09-16 16:28:39.492 | SUCCESS  | __main__:make_api_calls:123 - Retrieved and saved 1 posts. Total: 1
2024-09-16 16:30:13.313 | SUCCESS  | __main__:save_to_database:106 - Committed 1 posts to the database
2024-09-16 16:30:13.317 | SUCCESS  | __main__:make_api_calls:123 - Retrieved and saved 1 posts. Total: 1
2024-09-16 16:31:28.751 | SUCCESS  | __main__:save_to_database:106 - Committed 1 posts to the database
2024-09-16 16:31:28.753 | SUCCESS  | __main__:make_api_calls:123 - Retrieved and saved 1 posts. Total: 2
2024-09-16 16:32:39.100 | SUCCESS  | __main__:save_to_database:106 - Committed 1 posts to the database
2024-09-16 16:32:39.101 | SUCCESS  | __main__:make_api_calls:123 - Retrieved and saved 1 posts. Total: 3
2024-09-16 16:33:49.750 | SUCCESS  | __main__:save_to_database:106 - Committed 1 posts to the database
2024-09-16 16:33:49.752 | SUCCESS  | __main__:make_api_calls:123 - Retrieved and saved 1 posts. Total: 4
2024-09-16 16:36:59.002 | SUCCESS  | __main__:save_to_database:106 - Committed 1 posts to the database
2024-09-16 16:36:59.003 | SUCCESS  | __main__:make_api_calls:123 - Retrieved and saved 1 posts. Total: 1
2024-09-16 16:37:00.746 | SUCCESS  | __main__:save_to_database:106 - Committed 1 posts to the database
2024-09-16 16:37:00.747 | SUCCESS  | __main__:make_api_calls:123 - Retrieved and saved 1 posts. Total: 2
2024-09-16 16:37:04.256 | SUCCESS  | __main__:save_to_database:106 - Committed 1 posts to the database
2024-09-16 16:37:04.257 | SUCCESS  | __main__:make_api_calls:123 - Retrieved and saved 1 posts. Total: 3
2024-09-16 16:37:08.241 | SUCCESS  | __main__:save_to_database:106 - Committed 1 posts to the database
2024-09-16 16:37:08.242 | SUCCESS  | __main__:make_api_calls:123 - Retrieved and saved 1 posts. Total: 4
2024-09-16 16:37:12.607 | SUCCESS  | __main__:save_to_database:106 - Committed 1 posts to the database
2024-09-16 16:37:12.608 | SUCCESS  | __main__:make_api_calls:123 - Retrieved and saved 1 posts. Total: 5
2024-09-16 16:37:15.202 | SUCCESS  | __main__:save_to_database:106 - Committed 1 posts to the database
2024-09-16 16:37:15.203 | SUCCESS  | __main__:make_api_calls:123 - Retrieved and saved 1 posts. Total: 6
2024-09-16 16:37:17.150 | SUCCESS  | __main__:save_to_database:106 - Committed 1 posts to the database
2024-09-16 16:37:17.151 | SUCCESS  | __main__:make_api_calls:123 - Retrieved and saved 1 posts. Total: 7
2024-09-16 16:37:21.494 | SUCCESS  | __main__:save_to_database:106 - Committed 1 posts to the database
2024-09-16 16:37:21.495 | SUCCESS  | __main__:make_api_calls:123 - Retrieved and saved 1 posts. Total: 8
2024-09-16 16:37:25.530 | SUCCESS  | __main__:save_to_database:106 - Committed 1 posts to the database
2024-09-16 16:37:25.532 | SUCCESS  | __main__:make_api_calls:123 - Retrieved and saved 1 posts. Total: 9
2024-09-16 16:37:29.823 | SUCCESS  | __main__:save_to_database:106 - Committed 1 posts to the database
2024-09-16 16:37:29.824 | SUCCESS  | __main__:make_api_calls:123 - Retrieved and saved 1 posts. Total: 10
2024-09-16 16:37:32.015 | SUCCESS  | __main__:save_to_database:106 - Committed 1 posts to the database
2024-09-16 16:37:32.016 | SUCCESS  | __main__:make_api_calls:123 - Retrieved and saved 1 posts. Total: 11
2024-09-16 16:37:34.341 | SUCCESS  | __main__:save_to_database:106 - Committed 1 posts to the database
2024-09-16 16:37:34.342 | SUCCESS  | __main__:make_api_calls:123 - Retrieved and saved 1 posts. Total: 12
2024-09-16 16:37:38.917 | SUCCESS  | __main__:save_to_database:106 - Committed 1 posts to the database
2024-09-16 16:37:38.918 | SUCCESS  | __main__:make_api_calls:123 - Retrieved and saved 1 posts. Total: 13
2024-09-16 16:37:43.178 | SUCCESS  | __main__:save_to_database:106 - Committed 1 posts to the database
2024-09-16 16:37:43.179 | SUCCESS  | __main__:make_api_calls:123 - Retrieved and saved 1 posts. Total: 14
2024-09-16 16:37:47.921 | SUCCESS  | __main__:save_to_database:106 - Committed 1 posts to the database
2024-09-16 16:37:47.922 | SUCCESS  | __main__:make_api_calls:123 - Retrieved and saved 1 posts. Total: 15
2024-09-16 16:37:50.657 | SUCCESS  | __main__:save_to_database:106 - Committed 1 posts to the database
2024-09-16 16:37:50.657 | SUCCESS  | __main__:make_api_calls:123 - Retrieved and saved 1 posts. Total: 16
2024-09-16 16:37:52.599 | SUCCESS  | __main__:save_to_database:106 - Committed 1 posts to the database
2024-09-16 16:37:52.600 | SUCCESS  | __main__:make_api_calls:123 - Retrieved and saved 1 posts. Total: 17
2024-09-16 16:37:55.290 | SUCCESS  | __main__:save_to_database:106 - Committed 1 posts to the database
2024-09-16 16:37:55.291 | SUCCESS  | __main__:make_api_calls:123 - Retrieved and saved 1 posts. Total: 18
2024-09-16 16:37:56.865 | SUCCESS  | __main__:save_to_database:106 - Committed 1 posts to the database
2024-09-16 16:37:56.866 | SUCCESS  | __main__:make_api_calls:123 - Retrieved and saved 1 posts. Total: 19
2024-09-16 16:44:48.572 | SUCCESS  | __main__:save_to_database:111 - Committed 1 posts to the database
2024-09-16 16:44:48.573 | SUCCESS  | __main__:make_api_calls:128 - Retrieved and saved 1 posts. Total: 1
2024-09-16 16:44:51.375 | SUCCESS  | __main__:save_to_database:111 - Committed 1 posts to the database
2024-09-16 16:44:51.376 | SUCCESS  | __main__:make_api_calls:128 - Retrieved and saved 1 posts. Total: 2
2024-09-16 16:44:53.647 | SUCCESS  | __main__:save_to_database:111 - Committed 1 posts to the database
2024-09-16 16:44:53.649 | SUCCESS  | __main__:make_api_calls:128 - Retrieved and saved 1 posts. Total: 3
2024-09-16 16:44:56.268 | SUCCESS  | __main__:save_to_database:111 - Committed 1 posts to the database
2024-09-16 16:44:56.269 | SUCCESS  | __main__:make_api_calls:128 - Retrieved and saved 1 posts. Total: 4
2024-09-16 16:44:57.818 | SUCCESS  | __main__:save_to_database:111 - Committed 1 posts to the database
2024-09-16 16:44:57.819 | SUCCESS  | __main__:make_api_calls:128 - Retrieved and saved 1 posts. Total: 5
2024-09-16 16:45:00.878 | SUCCESS  | __main__:save_to_database:111 - Committed 1 posts to the database
2024-09-16 16:45:00.879 | SUCCESS  | __main__:make_api_calls:128 - Retrieved and saved 1 posts. Total: 6
2024-09-16 16:45:05.583 | SUCCESS  | __main__:save_to_database:111 - Committed 1 posts to the database
2024-09-16 16:45:05.585 | SUCCESS  | __main__:make_api_calls:128 - Retrieved and saved 1 posts. Total: 7
2024-09-16 16:45:09.282 | SUCCESS  | __main__:save_to_database:111 - Committed 1 posts to the database
2024-09-16 16:45:09.283 | SUCCESS  | __main__:make_api_calls:128 - Retrieved and saved 1 posts. Total: 8
2024-09-16 16:45:14.343 | SUCCESS  | __main__:save_to_database:111 - Committed 1 posts to the database
2024-09-16 16:45:14.344 | SUCCESS  | __main__:make_api_calls:128 - Retrieved and saved 1 posts. Total: 9
2024-09-16 16:45:19.119 | SUCCESS  | __main__:save_to_database:111 - Committed 1 posts to the database
2024-09-16 16:45:19.120 | SUCCESS  | __main__:make_api_calls:128 - Retrieved and saved 1 posts. Total: 10
2024-09-16 16:45:24.262 | SUCCESS  | __main__:save_to_database:111 - Committed 1 posts to the database
2024-09-16 16:45:24.263 | SUCCESS  | __main__:make_api_calls:128 - Retrieved and saved 1 posts. Total: 11
2024-09-16 16:45:25.805 | SUCCESS  | __main__:save_to_database:111 - Committed 1 posts to the database
2024-09-16 16:45:25.806 | SUCCESS  | __main__:make_api_calls:128 - Retrieved and saved 1 posts. Total: 12
2024-09-16 16:45:27.372 | SUCCESS  | __main__:save_to_database:111 - Committed 1 posts to the database
2024-09-16 16:45:27.373 | SUCCESS  | __main__:make_api_calls:128 - Retrieved and saved 1 posts. Total: 13
2024-09-16 16:45:31.682 | SUCCESS  | __main__:save_to_database:111 - Committed 1 posts to the database
2024-09-16 16:45:31.683 | SUCCESS  | __main__:make_api_calls:128 - Retrieved and saved 1 posts. Total: 14
2024-09-16 16:45:33.282 | SUCCESS  | __main__:save_to_database:111 - Committed 1 posts to the database
2024-09-16 16:45:33.283 | SUCCESS  | __main__:make_api_calls:128 - Retrieved and saved 1 posts. Total: 15
2024-09-16 16:45:37.058 | SUCCESS  | __main__:save_to_database:111 - Committed 1 posts to the database
2024-09-16 16:45:37.059 | SUCCESS  | __main__:make_api_calls:128 - Retrieved and saved 1 posts. Total: 16
2024-09-16 16:45:40.269 | SUCCESS  | __main__:save_to_database:111 - Committed 1 posts to the database
2024-09-16 16:45:40.270 | SUCCESS  | __main__:make_api_calls:128 - Retrieved and saved 1 posts. Total: 17
2024-09-16 16:45:42.377 | SUCCESS  | __main__:save_to_database:111 - Committed 1 posts to the database
2024-09-16 16:45:42.378 | SUCCESS  | __main__:make_api_calls:128 - Retrieved and saved 1 posts. Total: 18
2024-09-16 16:45:45.454 | SUCCESS  | __main__:save_to_database:111 - Committed 1 posts to the database
2024-09-16 16:45:45.456 | SUCCESS  | __main__:make_api_calls:128 - Retrieved and saved 1 posts. Total: 19
2024-09-16 16:45:47.070 | SUCCESS  | __main__:save_to_database:111 - Committed 1 posts to the database
2024-09-16 16:45:47.071 | SUCCESS  | __main__:make_api_calls:128 - Retrieved and saved 1 posts. Total: 20
2024-09-16 16:45:51.163 | SUCCESS  | __main__:save_to_database:111 - Committed 1 posts to the database
2024-09-16 16:45:51.164 | SUCCESS  | __main__:make_api_calls:128 - Retrieved and saved 1 posts. Total: 21
2024-09-16 16:45:55.331 | SUCCESS  | __main__:save_to_database:111 - Committed 1 posts to the database
2024-09-16 16:45:55.332 | SUCCESS  | __main__:make_api_calls:128 - Retrieved and saved 1 posts. Total: 22
2024-09-16 16:45:57.016 | SUCCESS  | __main__:save_to_database:111 - Committed 1 posts to the database
2024-09-16 16:45:57.017 | SUCCESS  | __main__:make_api_calls:128 - Retrieved and saved 1 posts. Total: 23
2024-09-16 16:50:08.517 | SUCCESS  | __main__:save_to_database:120 - Committed 1 posts to the database
2024-09-16 16:50:08.518 | SUCCESS  | __main__:make_api_calls:137 - Retrieved and saved 1 posts. Total: 1
2024-09-16 16:50:13.059 | SUCCESS  | __main__:save_to_database:120 - Committed 1 posts to the database
2024-09-16 16:50:13.060 | SUCCESS  | __main__:make_api_calls:137 - Retrieved and saved 1 posts. Total: 2
2024-09-16 16:50:18.052 | SUCCESS  | __main__:save_to_database:120 - Committed 1 posts to the database
2024-09-16 16:50:18.054 | SUCCESS  | __main__:make_api_calls:137 - Retrieved and saved 1 posts. Total: 3
2024-09-16 16:50:20.554 | SUCCESS  | __main__:save_to_database:120 - Committed 1 posts to the database
2024-09-16 16:50:20.556 | SUCCESS  | __main__:make_api_calls:137 - Retrieved and saved 1 posts. Total: 4
2024-09-16 16:50:22.111 | SUCCESS  | __main__:save_to_database:120 - Committed 1 posts to the database
2024-09-16 16:50:22.113 | SUCCESS  | __main__:make_api_calls:137 - Retrieved and saved 1 posts. Total: 5
2024-09-16 16:50:25.497 | SUCCESS  | __main__:save_to_database:120 - Committed 1 posts to the database
2024-09-16 16:50:25.498 | SUCCESS  | __main__:make_api_calls:137 - Retrieved and saved 1 posts. Total: 6
2024-09-16 16:50:29.491 | SUCCESS  | __main__:save_to_database:120 - Committed 1 posts to the database
2024-09-16 16:50:29.492 | SUCCESS  | __main__:make_api_calls:137 - Retrieved and saved 1 posts. Total: 7
2024-09-16 16:50:34.141 | SUCCESS  | __main__:save_to_database:120 - Committed 1 posts to the database
2024-09-16 16:50:34.142 | SUCCESS  | __main__:make_api_calls:137 - Retrieved and saved 1 posts. Total: 8
2024-09-16 16:50:37.635 | SUCCESS  | __main__:save_to_database:120 - Committed 1 posts to the database
2024-09-16 16:50:37.636 | SUCCESS  | __main__:make_api_calls:137 - Retrieved and saved 1 posts. Total: 9
2024-09-16 16:50:41.653 | SUCCESS  | __main__:save_to_database:120 - Committed 1 posts to the database
2024-09-16 16:50:41.654 | SUCCESS  | __main__:make_api_calls:137 - Retrieved and saved 1 posts. Total: 10
2024-09-16 16:50:46.422 | SUCCESS  | __main__:save_to_database:120 - Committed 1 posts to the database
2024-09-16 16:50:46.424 | SUCCESS  | __main__:make_api_calls:137 - Retrieved and saved 1 posts. Total: 11
2024-09-16 16:50:49.997 | SUCCESS  | __main__:save_to_database:120 - Committed 1 posts to the database
2024-09-16 16:50:49.998 | SUCCESS  | __main__:make_api_calls:137 - Retrieved and saved 1 posts. Total: 12
2024-09-16 16:50:51.931 | SUCCESS  | __main__:save_to_database:120 - Committed 1 posts to the database
2024-09-16 16:50:51.933 | SUCCESS  | __main__:make_api_calls:137 - Retrieved and saved 1 posts. Total: 13
2024-09-16 16:50:56.116 | SUCCESS  | __main__:save_to_database:120 - Committed 1 posts to the database
2024-09-16 16:50:56.117 | SUCCESS  | __main__:make_api_calls:137 - Retrieved and saved 1 posts. Total: 14
2024-09-16 16:51:00.210 | SUCCESS  | __main__:save_to_database:120 - Committed 1 posts to the database
2024-09-16 16:51:00.211 | SUCCESS  | __main__:make_api_calls:137 - Retrieved and saved 1 posts. Total: 15
2024-09-16 16:51:05.254 | SUCCESS  | __main__:save_to_database:120 - Committed 1 posts to the database
2024-09-16 16:51:05.255 | SUCCESS  | __main__:make_api_calls:137 - Retrieved and saved 1 posts. Total: 16
2024-09-16 16:51:06.762 | SUCCESS  | __main__:save_to_database:120 - Committed 1 posts to the database
2024-09-16 16:51:06.763 | SUCCESS  | __main__:make_api_calls:137 - Retrieved and saved 1 posts. Total: 17
2024-09-16 16:51:11.948 | SUCCESS  | __main__:save_to_database:120 - Committed 1 posts to the database
2024-09-16 16:51:11.949 | SUCCESS  | __main__:make_api_calls:137 - Retrieved and saved 1 posts. Total: 18
2024-09-16 16:51:14.807 | SUCCESS  | __main__:save_to_database:120 - Committed 1 posts to the database
2024-09-16 16:51:14.808 | SUCCESS  | __main__:make_api_calls:137 - Retrieved and saved 1 posts. Total: 19
2024-09-16 16:51:18.709 | SUCCESS  | __main__:save_to_database:120 - Committed 1 posts to the database
2024-09-16 16:51:18.710 | SUCCESS  | __main__:make_api_calls:137 - Retrieved and saved 1 posts. Total: 20
2024-09-16 16:51:21.260 | SUCCESS  | __main__:save_to_database:120 - Committed 1 posts to the database
2024-09-16 16:51:21.261 | SUCCESS  | __main__:make_api_calls:137 - Retrieved and saved 1 posts. Total: 21
2024-09-16 16:51:26.387 | SUCCESS  | __main__:save_to_database:120 - Committed 1 posts to the database
2024-09-16 16:51:26.388 | SUCCESS  | __main__:make_api_calls:137 - Retrieved and saved 1 posts. Total: 22
2024-09-16 16:51:29.079 | SUCCESS  | __main__:save_to_database:120 - Committed 1 posts to the database
2024-09-16 16:51:29.080 | SUCCESS  | __main__:make_api_calls:137 - Retrieved and saved 1 posts. Total: 23
2024-09-16 16:51:31.747 | SUCCESS  | __main__:save_to_database:120 - Committed 1 posts to the database
2024-09-16 16:51:31.747 | SUCCESS  | __main__:make_api_calls:137 - Retrieved and saved 1 posts. Total: 24
2024-09-16 16:51:35.881 | SUCCESS  | __main__:save_to_database:120 - Committed 1 posts to the database
2024-09-16 16:51:35.882 | SUCCESS  | __main__:make_api_calls:137 - Retrieved and saved 1 posts. Total: 25
2024-09-16 16:51:38.041 | SUCCESS  | __main__:save_to_database:120 - Committed 1 posts to the database
2024-09-16 16:51:38.042 | SUCCESS  | __main__:make_api_calls:137 - Retrieved and saved 1 posts. Total: 26
2024-09-16 16:51:41.516 | WARNING  | __main__:save_to_database:114 - Symbol HNX30 not found in the database. Skipping.
2024-09-16 16:51:41.517 | WARNING  | __main__:save_to_database:114 - Symbol HNXINDEX not found in the database. Skipping.
2024-09-16 16:51:41.517 | WARNING  | __main__:save_to_database:114 - Symbol UPINDEX not found in the database. Skipping.
2024-09-16 16:51:41.517 | WARNING  | __main__:save_to_database:114 - Symbol VN30 not found in the database. Skipping.
2024-09-16 16:51:41.517 | WARNING  | __main__:save_to_database:114 - Symbol VN30F1M not found in the database. Skipping.
2024-09-16 16:51:41.518 | WARNING  | __main__:save_to_database:114 - Symbol VNINDEX not found in the database. Skipping.
2024-09-16 16:51:41.569 | SUCCESS  | __main__:save_to_database:120 - Committed 1 posts to the database
2024-09-16 16:51:41.570 | SUCCESS  | __main__:make_api_calls:137 - Retrieved and saved 1 posts. Total: 27
2024-09-16 16:51:44.934 | SUCCESS  | __main__:save_to_database:120 - Committed 1 posts to the database
2024-09-16 16:51:44.935 | SUCCESS  | __main__:make_api_calls:137 - Retrieved and saved 1 posts. Total: 28
2024-09-16 16:51:46.851 | SUCCESS  | __main__:save_to_database:120 - Committed 1 posts to the database
2024-09-16 16:51:46.853 | SUCCESS  | __main__:make_api_calls:137 - Retrieved and saved 1 posts. Total: 29
2024-09-16 16:51:48.861 | SUCCESS  | __main__:save_to_database:120 - Committed 1 posts to the database
2024-09-16 16:51:48.862 | SUCCESS  | __main__:make_api_calls:137 - Retrieved and saved 1 posts. Total: 30
2024-09-16 16:51:53.396 | SUCCESS  | __main__:save_to_database:120 - Committed 1 posts to the database
2024-09-16 16:51:53.397 | SUCCESS  | __main__:make_api_calls:137 - Retrieved and saved 1 posts. Total: 31
2024-09-16 16:51:56.798 | SUCCESS  | __main__:save_to_database:120 - Committed 1 posts to the database
2024-09-16 16:51:56.798 | SUCCESS  | __main__:make_api_calls:137 - Retrieved and saved 1 posts. Total: 32
2024-09-16 16:52:01.874 | SUCCESS  | __main__:save_to_database:120 - Committed 1 posts to the database
2024-09-16 16:52:01.875 | SUCCESS  | __main__:make_api_calls:137 - Retrieved and saved 1 posts. Total: 33
2024-09-16 16:52:04.653 | SUCCESS  | __main__:save_to_database:120 - Committed 1 posts to the database
2024-09-16 16:52:04.654 | SUCCESS  | __main__:make_api_calls:137 - Retrieved and saved 1 posts. Total: 34
2024-09-16 16:52:07.861 | SUCCESS  | __main__:save_to_database:120 - Committed 1 posts to the database
2024-09-16 16:52:07.862 | SUCCESS  | __main__:make_api_calls:137 - Retrieved and saved 1 posts. Total: 35
2024-09-16 16:52:12.478 | SUCCESS  | __main__:save_to_database:120 - Committed 1 posts to the database
2024-09-16 16:52:12.479 | SUCCESS  | __main__:make_api_calls:137 - Retrieved and saved 1 posts. Total: 36
2024-09-16 16:52:17.672 | SUCCESS  | __main__:save_to_database:120 - Committed 1 posts to the database
2024-09-16 16:52:17.673 | SUCCESS  | __main__:make_api_calls:137 - Retrieved and saved 1 posts. Total: 37
2024-09-16 16:52:20.389 | SUCCESS  | __main__:save_to_database:120 - Committed 1 posts to the database
2024-09-16 16:52:20.390 | SUCCESS  | __main__:make_api_calls:137 - Retrieved and saved 1 posts. Total: 38
2024-09-16 16:52:23.873 | SUCCESS  | __main__:save_to_database:120 - Committed 1 posts to the database
2024-09-16 16:52:23.874 | SUCCESS  | __main__:make_api_calls:137 - Retrieved and saved 1 posts. Total: 39
2024-09-16 16:52:27.509 | SUCCESS  | __main__:save_to_database:120 - Committed 1 posts to the database
2024-09-16 16:52:27.510 | SUCCESS  | __main__:make_api_calls:137 - Retrieved and saved 1 posts. Total: 40
2024-09-16 16:52:29.378 | SUCCESS  | __main__:save_to_database:120 - Committed 1 posts to the database
2024-09-16 16:52:29.379 | SUCCESS  | __main__:make_api_calls:137 - Retrieved and saved 1 posts. Total: 41
2024-09-16 16:52:32.685 | SUCCESS  | __main__:save_to_database:120 - Committed 1 posts to the database
2024-09-16 16:52:32.686 | SUCCESS  | __main__:make_api_calls:137 - Retrieved and saved 1 posts. Total: 42
2024-09-16 16:52:36.903 | SUCCESS  | __main__:save_to_database:120 - Committed 1 posts to the database
2024-09-16 16:52:36.904 | SUCCESS  | __main__:make_api_calls:137 - Retrieved and saved 1 posts. Total: 43
2024-09-16 16:52:39.129 | SUCCESS  | __main__:save_to_database:120 - Committed 1 posts to the database
2024-09-16 16:52:39.130 | SUCCESS  | __main__:make_api_calls:137 - Retrieved and saved 1 posts. Total: 44
2024-09-16 16:52:41.063 | SUCCESS  | __main__:save_to_database:120 - Committed 1 posts to the database
2024-09-16 16:52:41.064 | SUCCESS  | __main__:make_api_calls:137 - Retrieved and saved 1 posts. Total: 45
2024-09-16 16:52:44.409 | SUCCESS  | __main__:save_to_database:120 - Committed 1 posts to the database
2024-09-16 16:52:44.410 | SUCCESS  | __main__:make_api_calls:137 - Retrieved and saved 1 posts. Total: 46
2024-09-16 16:52:48.642 | SUCCESS  | __main__:save_to_database:120 - Committed 1 posts to the database
2024-09-16 16:52:48.643 | SUCCESS  | __main__:make_api_calls:137 - Retrieved and saved 1 posts. Total: 47
2024-09-16 16:52:50.542 | SUCCESS  | __main__:save_to_database:120 - Committed 1 posts to the database
2024-09-16 16:52:50.543 | SUCCESS  | __main__:make_api_calls:137 - Retrieved and saved 1 posts. Total: 48
2024-09-16 16:52:54.924 | WARNING  | __main__:save_to_database:114 - Symbol HNX30 not found in the database. Skipping.
2024-09-16 16:52:54.925 | WARNING  | __main__:save_to_database:114 - Symbol HNXINDEX not found in the database. Skipping.
2024-09-16 16:52:54.925 | WARNING  | __main__:save_to_database:114 - Symbol UPINDEX not found in the database. Skipping.
2024-09-16 16:52:54.925 | WARNING  | __main__:save_to_database:114 - Symbol VN30 not found in the database. Skipping.
2024-09-16 16:52:54.926 | WARNING  | __main__:save_to_database:114 - Symbol VNINDEX not found in the database. Skipping.
2024-09-16 16:52:54.943 | SUCCESS  | __main__:save_to_database:120 - Committed 1 posts to the database
2024-09-16 16:52:54.944 | SUCCESS  | __main__:make_api_calls:137 - Retrieved and saved 1 posts. Total: 49
2024-09-16 16:52:57.619 | SUCCESS  | __main__:save_to_database:120 - Committed 1 posts to the database
2024-09-16 16:52:57.620 | SUCCESS  | __main__:make_api_calls:137 - Retrieved and saved 1 posts. Total: 50
2024-09-16 16:53:01.288 | SUCCESS  | __main__:save_to_database:120 - Committed 1 posts to the database
2024-09-16 16:53:01.289 | SUCCESS  | __main__:make_api_calls:137 - Retrieved and saved 1 posts. Total: 51
2024-09-16 16:53:02.680 | SUCCESS  | __main__:save_to_database:120 - Committed 1 posts to the database
2024-09-16 16:53:02.681 | SUCCESS  | __main__:make_api_calls:137 - Retrieved and saved 1 posts. Total: 52
2024-09-16 16:53:07.440 | SUCCESS  | __main__:save_to_database:120 - Committed 1 posts to the database
2024-09-16 16:53:07.441 | SUCCESS  | __main__:make_api_calls:137 - Retrieved and saved 1 posts. Total: 53
2024-09-16 16:53:10.400 | SUCCESS  | __main__:save_to_database:120 - Committed 1 posts to the database
2024-09-16 16:53:10.400 | SUCCESS  | __main__:make_api_calls:137 - Retrieved and saved 1 posts. Total: 54
2024-09-16 16:53:13.142 | SUCCESS  | __main__:save_to_database:120 - Committed 1 posts to the database
2024-09-16 16:53:13.143 | SUCCESS  | __main__:make_api_calls:137 - Retrieved and saved 1 posts. Total: 55
2024-09-16 16:53:14.308 | SUCCESS  | __main__:save_to_database:120 - Committed 1 posts to the database
2024-09-16 16:53:14.309 | SUCCESS  | __main__:make_api_calls:137 - Retrieved and saved 1 posts. Total: 56
2024-09-16 16:53:17.385 | SUCCESS  | __main__:save_to_database:120 - Committed 1 posts to the database
2024-09-16 16:53:17.386 | SUCCESS  | __main__:make_api_calls:137 - Retrieved and saved 1 posts. Total: 57
2024-09-16 16:53:20.945 | SUCCESS  | __main__:save_to_database:120 - Committed 1 posts to the database
2024-09-16 16:53:20.946 | SUCCESS  | __main__:make_api_calls:137 - Retrieved and saved 1 posts. Total: 58
2024-09-16 16:53:22.929 | SUCCESS  | __main__:save_to_database:120 - Committed 1 posts to the database
2024-09-16 16:53:22.930 | SUCCESS  | __main__:make_api_calls:137 - Retrieved and saved 1 posts. Total: 59
2024-09-16 16:53:25.779 | SUCCESS  | __main__:save_to_database:120 - Committed 1 posts to the database
2024-09-16 16:53:25.780 | SUCCESS  | __main__:make_api_calls:137 - Retrieved and saved 1 posts. Total: 60
2024-09-16 16:53:27.256 | SUCCESS  | __main__:save_to_database:120 - Committed 1 posts to the database
2024-09-16 16:53:27.257 | SUCCESS  | __main__:make_api_calls:137 - Retrieved and saved 1 posts. Total: 61
2024-09-16 16:53:29.772 | SUCCESS  | __main__:save_to_database:120 - Committed 1 posts to the database
2024-09-16 16:53:29.773 | SUCCESS  | __main__:make_api_calls:137 - Retrieved and saved 1 posts. Total: 62
2024-09-16 16:53:32.957 | SUCCESS  | __main__:save_to_database:120 - Committed 1 posts to the database
2024-09-16 16:53:32.958 | SUCCESS  | __main__:make_api_calls:137 - Retrieved and saved 1 posts. Total: 63
2024-09-16 16:53:37.518 | SUCCESS  | __main__:save_to_database:120 - Committed 1 posts to the database
2024-09-16 16:53:37.519 | SUCCESS  | __main__:make_api_calls:137 - Retrieved and saved 1 posts. Total: 64
2024-09-16 16:53:42.261 | SUCCESS  | __main__:save_to_database:120 - Committed 1 posts to the database
2024-09-16 16:53:42.262 | SUCCESS  | __main__:make_api_calls:137 - Retrieved and saved 1 posts. Total: 65
2024-09-16 16:53:45.012 | SUCCESS  | __main__:save_to_database:120 - Committed 1 posts to the database
2024-09-16 16:53:45.012 | SUCCESS  | __main__:make_api_calls:137 - Retrieved and saved 1 posts. Total: 66
2024-09-16 16:53:47.963 | SUCCESS  | __main__:save_to_database:120 - Committed 1 posts to the database
2024-09-16 16:53:47.964 | SUCCESS  | __main__:make_api_calls:137 - Retrieved and saved 1 posts. Total: 67
2024-09-16 16:53:50.914 | SUCCESS  | __main__:save_to_database:120 - Committed 1 posts to the database
2024-09-16 16:53:50.915 | SUCCESS  | __main__:make_api_calls:137 - Retrieved and saved 1 posts. Total: 68
2024-09-16 16:53:54.524 | SUCCESS  | __main__:save_to_database:120 - Committed 1 posts to the database
2024-09-16 16:53:54.525 | SUCCESS  | __main__:make_api_calls:137 - Retrieved and saved 1 posts. Total: 69
2024-09-16 16:53:59.517 | SUCCESS  | __main__:save_to_database:120 - Committed 1 posts to the database
2024-09-16 16:53:59.518 | SUCCESS  | __main__:make_api_calls:137 - Retrieved and saved 1 posts. Total: 70
2024-09-16 16:54:02.868 | WARNING  | __main__:save_to_database:114 - Symbol US.VFS not found in the database. Skipping.
2024-09-16 16:54:02.902 | SUCCESS  | __main__:save_to_database:120 - Committed 1 posts to the database
2024-09-16 16:54:02.903 | SUCCESS  | __main__:make_api_calls:137 - Retrieved and saved 1 posts. Total: 71
2024-09-16 16:54:06.420 | SUCCESS  | __main__:save_to_database:120 - Committed 1 posts to the database
2024-09-16 16:54:06.422 | SUCCESS  | __main__:make_api_calls:137 - Retrieved and saved 1 posts. Total: 72
2024-09-16 16:54:09.423 | SUCCESS  | __main__:save_to_database:120 - Committed 1 posts to the database
2024-09-16 16:54:09.424 | SUCCESS  | __main__:make_api_calls:137 - Retrieved and saved 1 posts. Total: 73
2024-09-16 16:54:14.106 | SUCCESS  | __main__:save_to_database:120 - Committed 1 posts to the database
2024-09-16 16:54:14.107 | SUCCESS  | __main__:make_api_calls:137 - Retrieved and saved 1 posts. Total: 74
2024-09-16 16:54:19.239 | WARNING  | __main__:save_to_database:114 - Symbol VNINDEX not found in the database. Skipping.
2024-09-16 16:54:19.329 | SUCCESS  | __main__:save_to_database:120 - Committed 1 posts to the database
2024-09-16 16:54:19.330 | SUCCESS  | __main__:make_api_calls:137 - Retrieved and saved 1 posts. Total: 75
2024-09-16 16:54:21.517 | SUCCESS  | __main__:save_to_database:120 - Committed 1 posts to the database
2024-09-16 16:54:21.518 | SUCCESS  | __main__:make_api_calls:137 - Retrieved and saved 1 posts. Total: 76
2024-09-16 16:54:25.193 | SUCCESS  | __main__:save_to_database:120 - Committed 1 posts to the database
2024-09-16 16:54:25.194 | SUCCESS  | __main__:make_api_calls:137 - Retrieved and saved 1 posts. Total: 77
2024-09-16 16:54:28.294 | SUCCESS  | __main__:save_to_database:120 - Committed 1 posts to the database
2024-09-16 16:54:28.295 | SUCCESS  | __main__:make_api_calls:137 - Retrieved and saved 1 posts. Total: 78
2024-09-16 16:54:31.095 | SUCCESS  | __main__:save_to_database:120 - Committed 1 posts to the database
2024-09-16 16:54:31.096 | SUCCESS  | __main__:make_api_calls:137 - Retrieved and saved 1 posts. Total: 79
2024-09-16 16:54:35.072 | SUCCESS  | __main__:save_to_database:120 - Committed 1 posts to the database
2024-09-16 16:54:35.073 | SUCCESS  | __main__:make_api_calls:137 - Retrieved and saved 1 posts. Total: 80
2024-09-16 16:54:37.606 | SUCCESS  | __main__:save_to_database:120 - Committed 1 posts to the database
2024-09-16 16:54:37.607 | SUCCESS  | __main__:make_api_calls:137 - Retrieved and saved 1 posts. Total: 81
2024-09-16 16:54:41.007 | SUCCESS  | __main__:save_to_database:120 - Committed 1 posts to the database
2024-09-16 16:54:41.009 | SUCCESS  | __main__:make_api_calls:137 - Retrieved and saved 1 posts. Total: 82
2024-09-16 16:54:45.267 | SUCCESS  | __main__:save_to_database:120 - Committed 1 posts to the database
2024-09-16 16:54:45.269 | SUCCESS  | __main__:make_api_calls:137 - Retrieved and saved 1 posts. Total: 83
2024-09-16 16:54:48.819 | SUCCESS  | __main__:save_to_database:120 - Committed 1 posts to the database
2024-09-16 16:54:48.820 | SUCCESS  | __main__:make_api_calls:137 - Retrieved and saved 1 posts. Total: 84
2024-09-16 16:54:52.320 | SUCCESS  | __main__:save_to_database:120 - Committed 1 posts to the database
2024-09-16 16:54:52.321 | SUCCESS  | __main__:make_api_calls:137 - Retrieved and saved 1 posts. Total: 85
2024-09-16 16:54:55.253 | SUCCESS  | __main__:save_to_database:120 - Committed 1 posts to the database
2024-09-16 16:54:55.255 | SUCCESS  | __main__:make_api_calls:137 - Retrieved and saved 1 posts. Total: 86
2024-09-16 16:54:57.876 | WARNING  | __main__:save_to_database:114 - Symbol BZ=F not found in the database. Skipping.
2024-09-16 16:54:57.876 | WARNING  | __main__:save_to_database:114 - Symbol CL=F not found in the database. Skipping.
2024-09-16 16:54:57.876 | WARNING  | __main__:save_to_database:114 - Symbol SI=F not found in the database. Skipping.
2024-09-16 16:54:57.898 | SUCCESS  | __main__:save_to_database:120 - Committed 1 posts to the database
2024-09-16 16:54:57.898 | SUCCESS  | __main__:make_api_calls:137 - Retrieved and saved 1 posts. Total: 87
2024-09-16 16:55:00.785 | WARNING  | __main__:save_to_database:114 - Symbol BZ=F not found in the database. Skipping.
2024-09-16 16:55:00.785 | WARNING  | __main__:save_to_database:114 - Symbol CL=F not found in the database. Skipping.
2024-09-16 16:55:00.785 | WARNING  | __main__:save_to_database:114 - Symbol SI=F not found in the database. Skipping.
2024-09-16 16:55:00.823 | SUCCESS  | __main__:save_to_database:120 - Committed 1 posts to the database
2024-09-16 16:55:00.823 | SUCCESS  | __main__:make_api_calls:137 - Retrieved and saved 1 posts. Total: 88
2024-09-16 16:55:05.042 | SUCCESS  | __main__:save_to_database:120 - Committed 1 posts to the database
2024-09-16 16:55:05.044 | SUCCESS  | __main__:make_api_calls:137 - Retrieved and saved 1 posts. Total: 89
2024-09-16 16:55:06.270 | SUCCESS  | __main__:save_to_database:120 - Committed 1 posts to the database
2024-09-16 16:55:06.272 | SUCCESS  | __main__:make_api_calls:137 - Retrieved and saved 1 posts. Total: 90
2024-09-16 16:55:09.469 | SUCCESS  | __main__:save_to_database:120 - Committed 1 posts to the database
2024-09-16 16:55:09.470 | SUCCESS  | __main__:make_api_calls:137 - Retrieved and saved 1 posts. Total: 91
2024-09-16 16:55:13.027 | SUCCESS  | __main__:save_to_database:120 - Committed 1 posts to the database
2024-09-16 16:55:13.028 | SUCCESS  | __main__:make_api_calls:137 - Retrieved and saved 1 posts. Total: 92
2024-09-16 16:55:14.779 | SUCCESS  | __main__:save_to_database:120 - Committed 1 posts to the database
2024-09-16 16:55:14.780 | SUCCESS  | __main__:make_api_calls:137 - Retrieved and saved 1 posts. Total: 93
2024-09-16 16:55:16.337 | SUCCESS  | __main__:save_to_database:120 - Committed 1 posts to the database
2024-09-16 16:55:16.338 | SUCCESS  | __main__:make_api_calls:137 - Retrieved and saved 1 posts. Total: 94
2024-09-16 16:55:17.529 | SUCCESS  | __main__:save_to_database:120 - Committed 1 posts to the database
2024-09-16 16:55:17.530 | SUCCESS  | __main__:make_api_calls:137 - Retrieved and saved 1 posts. Total: 95
2024-09-16 16:55:20.731 | SUCCESS  | __main__:save_to_database:120 - Committed 1 posts to the database
2024-09-16 16:55:20.732 | SUCCESS  | __main__:make_api_calls:137 - Retrieved and saved 1 posts. Total: 96
2024-09-16 16:55:21.947 | SUCCESS  | __main__:save_to_database:120 - Committed 1 posts to the database
2024-09-16 16:55:21.948 | SUCCESS  | __main__:make_api_calls:137 - Retrieved and saved 1 posts. Total: 97
2024-09-16 16:55:25.374 | SUCCESS  | __main__:save_to_database:120 - Committed 1 posts to the database
2024-09-16 16:55:25.375 | SUCCESS  | __main__:make_api_calls:137 - Retrieved and saved 1 posts. Total: 98
2024-09-16 16:55:28.909 | SUCCESS  | __main__:save_to_database:120 - Committed 1 posts to the database
2024-09-16 16:55:28.910 | SUCCESS  | __main__:make_api_calls:137 - Retrieved and saved 1 posts. Total: 99
2024-09-16 16:55:30.184 | SUCCESS  | __main__:save_to_database:120 - Committed 1 posts to the database
2024-09-16 16:55:30.185 | SUCCESS  | __main__:make_api_calls:137 - Retrieved and saved 1 posts. Total: 100
2024-09-16 16:55:30.185 | SUCCESS  | __main__:<module>:169 - Successfully retrieved and saved 100 posts.
2024-09-16 16:56:53.156 | SUCCESS  | __main__:save_to_database:120 - Committed 1 posts to the database
2024-09-16 16:56:53.157 | SUCCESS  | __main__:make_api_calls:137 - Retrieved and saved 1 posts. Total: 1
2024-09-16 16:56:53.158 | SUCCESS  | __main__:<module>:169 - Successfully retrieved and saved 1 posts.
2024-09-16 17:16:35.093 | WARNING  | __main__:save_to_database:143 - Symbol GC=F not found in the database. Skipping.
2024-09-16 17:16:35.228 | SUCCESS  | __main__:save_to_database:153 - Committed 10 posts to the database
2024-09-16 17:16:35.229 | SUCCESS  | __main__:make_api_calls:172 - Retrieved and saved 10 posts. Total: 10
2024-09-16 17:16:41.721 | SUCCESS  | __main__:save_to_database:153 - Committed 10 posts to the database
2024-09-16 17:16:41.722 | SUCCESS  | __main__:make_api_calls:172 - Retrieved and saved 10 posts. Total: 20
2024-09-16 17:16:47.874 | SUCCESS  | __main__:save_to_database:153 - Committed 10 posts to the database
2024-09-16 17:16:47.875 | SUCCESS  | __main__:make_api_calls:172 - Retrieved and saved 10 posts. Total: 30
2024-09-16 17:16:53.335 | SUCCESS  | __main__:save_to_database:153 - Committed 10 posts to the database
2024-09-16 17:16:53.336 | SUCCESS  | __main__:make_api_calls:172 - Retrieved and saved 10 posts. Total: 40
2024-09-16 17:16:56.306 | WARNING  | __main__:save_to_database:143 - Symbol HNX30 not found in the database. Skipping.
2024-09-16 17:16:56.307 | WARNING  | __main__:save_to_database:143 - Symbol HNXINDEX not found in the database. Skipping.
2024-09-16 17:16:56.307 | WARNING  | __main__:save_to_database:143 - Symbol UPINDEX not found in the database. Skipping.
2024-09-16 17:16:56.307 | WARNING  | __main__:save_to_database:143 - Symbol VN30 not found in the database. Skipping.
2024-09-16 17:16:56.307 | WARNING  | __main__:save_to_database:143 - Symbol VN30F1M not found in the database. Skipping.
2024-09-16 17:16:56.307 | WARNING  | __main__:save_to_database:143 - Symbol VNINDEX not found in the database. Skipping.
2024-09-16 17:16:56.444 | SUCCESS  | __main__:save_to_database:153 - Committed 10 posts to the database
2024-09-16 17:16:56.446 | SUCCESS  | __main__:make_api_calls:172 - Retrieved and saved 10 posts. Total: 50
2024-09-16 17:17:01.644 | SUCCESS  | __main__:save_to_database:153 - Committed 10 posts to the database
2024-09-16 17:17:01.645 | SUCCESS  | __main__:make_api_calls:172 - Retrieved and saved 10 posts. Total: 60
2024-09-16 17:17:04.384 | WARNING  | __main__:save_to_database:143 - Symbol HNX30 not found in the database. Skipping.
2024-09-16 17:17:04.385 | WARNING  | __main__:save_to_database:143 - Symbol HNXINDEX not found in the database. Skipping.
2024-09-16 17:17:04.385 | WARNING  | __main__:save_to_database:143 - Symbol UPINDEX not found in the database. Skipping.
2024-09-16 17:17:04.385 | WARNING  | __main__:save_to_database:143 - Symbol VN30 not found in the database. Skipping.
2024-09-16 17:17:04.386 | WARNING  | __main__:save_to_database:143 - Symbol VNINDEX not found in the database. Skipping.
2024-09-16 17:17:04.521 | SUCCESS  | __main__:save_to_database:153 - Committed 10 posts to the database
2024-09-16 17:17:04.522 | SUCCESS  | __main__:make_api_calls:172 - Retrieved and saved 10 posts. Total: 70
2024-09-16 17:17:09.666 | SUCCESS  | __main__:save_to_database:153 - Committed 10 posts to the database
2024-09-16 17:17:09.667 | SUCCESS  | __main__:make_api_calls:172 - Retrieved and saved 10 posts. Total: 80
2024-09-16 17:17:15.407 | WARNING  | __main__:save_to_database:143 - Symbol US.VFS not found in the database. Skipping.
2024-09-16 17:17:15.448 | WARNING  | __main__:save_to_database:143 - Symbol VNINDEX not found in the database. Skipping.
2024-09-16 17:17:15.510 | SUCCESS  | __main__:save_to_database:153 - Committed 10 posts to the database
2024-09-16 17:17:15.511 | SUCCESS  | __main__:make_api_calls:172 - Retrieved and saved 10 posts. Total: 90
2024-09-16 17:17:18.450 | WARNING  | __main__:save_to_database:143 - Symbol BZ=F not found in the database. Skipping.
2024-09-16 17:17:18.450 | WARNING  | __main__:save_to_database:143 - Symbol CL=F not found in the database. Skipping.
2024-09-16 17:17:18.451 | WARNING  | __main__:save_to_database:143 - Symbol SI=F not found in the database. Skipping.
2024-09-16 17:17:18.502 | SUCCESS  | __main__:save_to_database:153 - Committed 10 posts to the database
2024-09-16 17:17:18.504 | SUCCESS  | __main__:make_api_calls:172 - Retrieved and saved 10 posts. Total: 100
2024-09-16 17:17:23.237 | SUCCESS  | __main__:save_to_database:153 - Committed 10 posts to the database
2024-09-16 17:17:23.238 | SUCCESS  | __main__:make_api_calls:172 - Retrieved and saved 10 posts. Total: 110
2024-09-16 17:17:28.488 | SUCCESS  | __main__:save_to_database:153 - Committed 10 posts to the database
2024-09-16 17:17:28.489 | SUCCESS  | __main__:make_api_calls:172 - Retrieved and saved 10 posts. Total: 120
2024-09-16 17:17:33.111 | WARNING  | __main__:save_to_database:143 - Symbol HNXINDEX not found in the database. Skipping.
2024-09-16 17:17:33.111 | WARNING  | __main__:save_to_database:143 - Symbol UPINDEX not found in the database. Skipping.
2024-09-16 17:17:33.111 | WARNING  | __main__:save_to_database:143 - Symbol VN30 not found in the database. Skipping.
2024-09-16 17:17:33.112 | WARNING  | __main__:save_to_database:143 - Symbol VNINDEX not found in the database. Skipping.
2024-09-16 17:17:33.181 | WARNING  | __main__:save_to_database:143 - Symbol VN30 not found in the database. Skipping.
2024-09-16 17:17:33.181 | WARNING  | __main__:save_to_database:143 - Symbol VNINDEX not found in the database. Skipping.
2024-09-16 17:17:33.225 | SUCCESS  | __main__:save_to_database:153 - Committed 10 posts to the database
2024-09-16 17:17:33.226 | SUCCESS  | __main__:make_api_calls:172 - Retrieved and saved 10 posts. Total: 130
2024-09-16 17:17:36.107 | SUCCESS  | __main__:save_to_database:153 - Committed 10 posts to the database
2024-09-16 17:17:36.108 | SUCCESS  | __main__:make_api_calls:172 - Retrieved and saved 10 posts. Total: 140
2024-09-16 17:17:40.559 | SUCCESS  | __main__:save_to_database:153 - Committed 10 posts to the database
2024-09-16 17:17:40.560 | SUCCESS  | __main__:make_api_calls:172 - Retrieved and saved 10 posts. Total: 150
2024-09-16 17:17:44.135 | SUCCESS  | __main__:save_to_database:153 - Committed 10 posts to the database
2024-09-16 17:17:44.137 | SUCCESS  | __main__:make_api_calls:172 - Retrieved and saved 10 posts. Total: 160
2024-09-16 17:17:46.866 | WARNING  | __main__:save_to_database:143 - Symbol USD-VND not found in the database. Skipping.
2024-09-16 17:17:46.903 | WARNING  | __main__:save_to_database:143 - Symbol HNXINDEX not found in the database. Skipping.
2024-09-16 17:17:46.903 | WARNING  | __main__:save_to_database:143 - Symbol UPINDEX not found in the database. Skipping.
2024-09-16 17:17:46.903 | WARNING  | __main__:save_to_database:143 - Symbol VN30F1M not found in the database. Skipping.
2024-09-16 17:17:46.904 | WARNING  | __main__:save_to_database:143 - Symbol VNINDEX not found in the database. Skipping.
2024-09-16 17:17:46.914 | WARNING  | __main__:save_to_database:143 - Symbol GC=F not found in the database. Skipping.
2024-09-16 17:17:46.935 | WARNING  | __main__:save_to_database:143 - Symbol BZ=F not found in the database. Skipping.
2024-09-16 17:17:46.935 | WARNING  | __main__:save_to_database:143 - Symbol CL=F not found in the database. Skipping.
2024-09-16 17:17:46.936 | WARNING  | __main__:save_to_database:143 - Symbol SI=F not found in the database. Skipping.
2024-09-16 17:17:46.971 | SUCCESS  | __main__:save_to_database:153 - Committed 10 posts to the database
2024-09-16 17:17:46.974 | SUCCESS  | __main__:make_api_calls:172 - Retrieved and saved 10 posts. Total: 170
2024-09-16 17:17:49.131 | WARNING  | __main__:save_to_database:143 - Symbol VNINDEX not found in the database. Skipping.
2024-09-16 17:17:49.248 | SUCCESS  | __main__:save_to_database:153 - Committed 10 posts to the database
2024-09-16 17:17:49.249 | SUCCESS  | __main__:make_api_calls:172 - Retrieved and saved 10 posts. Total: 180
2024-09-16 17:17:52.666 | WARNING  | __main__:save_to_database:143 - Symbol HNXINDEX not found in the database. Skipping.
2024-09-16 17:17:52.667 | WARNING  | __main__:save_to_database:143 - Symbol UPINDEX not found in the database. Skipping.
2024-09-16 17:17:52.667 | WARNING  | __main__:save_to_database:143 - Symbol VNINDEX not found in the database. Skipping.
2024-09-16 17:17:52.724 | WARNING  | __main__:save_to_database:143 - Symbol HNXINDEX not found in the database. Skipping.
2024-09-16 17:17:52.724 | WARNING  | __main__:save_to_database:143 - Symbol UPINDEX not found in the database. Skipping.
2024-09-16 17:17:52.725 | WARNING  | __main__:save_to_database:143 - Symbol VNINDEX not found in the database. Skipping.
2024-09-16 17:17:52.788 | SUCCESS  | __main__:save_to_database:153 - Committed 10 posts to the database
2024-09-16 17:17:52.789 | SUCCESS  | __main__:make_api_calls:172 - Retrieved and saved 10 posts. Total: 190
2024-09-16 17:17:57.631 | SUCCESS  | __main__:save_to_database:153 - Committed 10 posts to the database
2024-09-16 17:17:57.632 | SUCCESS  | __main__:make_api_calls:172 - Retrieved and saved 10 posts. Total: 200
2024-09-16 17:18:01.533 | WARNING  | __main__:save_to_database:143 - Symbol HNXINDEX not found in the database. Skipping.
2024-09-16 17:18:01.533 | WARNING  | __main__:save_to_database:143 - Symbol UPINDEX not found in the database. Skipping.
2024-09-16 17:18:01.534 | WARNING  | __main__:save_to_database:143 - Symbol VN30F1M not found in the database. Skipping.
2024-09-16 17:18:01.534 | WARNING  | __main__:save_to_database:143 - Symbol VNINDEX not found in the database. Skipping.
2024-09-16 17:18:01.699 | SUCCESS  | __main__:save_to_database:153 - Committed 10 posts to the database
2024-09-16 17:18:01.700 | SUCCESS  | __main__:make_api_calls:172 - Retrieved and saved 10 posts. Total: 210
2024-09-16 17:18:05.772 | WARNING  | __main__:save_to_database:143 - Symbol GC=F not found in the database. Skipping.
2024-09-16 17:18:05.781 | WARNING  | __main__:save_to_database:143 - Symbol KCEU23 not found in the database. Skipping.
2024-09-16 17:18:05.781 | WARNING  | __main__:save_to_database:143 - Symbol LRCK23 not found in the database. Skipping.
2024-09-16 17:18:05.810 | WARNING  | __main__:save_to_database:143 - Symbol HNXINDEX not found in the database. Skipping.
2024-09-16 17:18:05.811 | WARNING  | __main__:save_to_database:143 - Symbol UPINDEX not found in the database. Skipping.
2024-09-16 17:18:05.811 | WARNING  | __main__:save_to_database:143 - Symbol VN30F1M not found in the database. Skipping.
2024-09-16 17:18:05.811 | WARNING  | __main__:save_to_database:143 - Symbol VNINDEX not found in the database. Skipping.
2024-09-16 17:18:05.883 | SUCCESS  | __main__:save_to_database:153 - Committed 10 posts to the database
2024-09-16 17:18:05.884 | SUCCESS  | __main__:make_api_calls:172 - Retrieved and saved 10 posts. Total: 220
2024-09-16 17:18:10.328 | WARNING  | __main__:save_to_database:143 - Symbol HNXINDEX not found in the database. Skipping.
2024-09-16 17:18:10.329 | WARNING  | __main__:save_to_database:143 - Symbol UPINDEX not found in the database. Skipping.
2024-09-16 17:18:10.329 | WARNING  | __main__:save_to_database:143 - Symbol VN30F1M not found in the database. Skipping.
2024-09-16 17:18:10.329 | WARNING  | __main__:save_to_database:143 - Symbol VNINDEX not found in the database. Skipping.
2024-09-16 17:18:10.439 | SUCCESS  | __main__:save_to_database:153 - Committed 10 posts to the database
2024-09-16 17:18:10.440 | SUCCESS  | __main__:make_api_calls:172 - Retrieved and saved 10 posts. Total: 230
2024-09-16 17:18:13.220 | SUCCESS  | __main__:save_to_database:153 - Committed 10 posts to the database
2024-09-16 17:18:13.221 | SUCCESS  | __main__:make_api_calls:172 - Retrieved and saved 10 posts. Total: 240
2024-09-16 17:18:15.072 | SUCCESS  | __main__:save_to_database:153 - Committed 10 posts to the database
2024-09-16 17:18:15.073 | SUCCESS  | __main__:make_api_calls:172 - Retrieved and saved 10 posts. Total: 250
2024-09-16 17:18:16.422 | SUCCESS  | __main__:save_to_database:153 - Committed 10 posts to the database
2024-09-16 17:18:16.423 | SUCCESS  | __main__:make_api_calls:172 - Retrieved and saved 10 posts. Total: 260
2024-09-16 17:18:19.419 | WARNING  | __main__:save_to_database:143 - Symbol HNX30 not found in the database. Skipping.
2024-09-16 17:18:19.420 | WARNING  | __main__:save_to_database:143 - Symbol HNXINDEX not found in the database. Skipping.
2024-09-16 17:18:19.420 | WARNING  | __main__:save_to_database:143 - Symbol UPINDEX not found in the database. Skipping.
2024-09-16 17:18:19.420 | WARNING  | __main__:save_to_database:143 - Symbol VN30 not found in the database. Skipping.
2024-09-16 17:18:19.421 | WARNING  | __main__:save_to_database:143 - Symbol VNINDEX not found in the database. Skipping.
2024-09-16 17:18:19.439 | SUCCESS  | __main__:save_to_database:153 - Committed 10 posts to the database
2024-09-16 17:18:19.441 | SUCCESS  | __main__:make_api_calls:172 - Retrieved and saved 10 posts. Total: 270
2024-09-16 17:18:23.341 | SUCCESS  | __main__:save_to_database:153 - Committed 10 posts to the database
2024-09-16 17:18:23.342 | SUCCESS  | __main__:make_api_calls:172 - Retrieved and saved 10 posts. Total: 280
2024-09-16 17:18:25.756 | WARNING  | __main__:save_to_database:143 - Symbol HNXINDEX not found in the database. Skipping.
2024-09-16 17:18:25.757 | WARNING  | __main__:save_to_database:143 - Symbol UPINDEX not found in the database. Skipping.
2024-09-16 17:18:25.757 | WARNING  | __main__:save_to_database:143 - Symbol VNINDEX not found in the database. Skipping.
2024-09-16 17:18:25.867 | SUCCESS  | __main__:save_to_database:153 - Committed 10 posts to the database
2024-09-16 17:18:25.868 | SUCCESS  | __main__:make_api_calls:172 - Retrieved and saved 10 posts. Total: 290
2024-09-16 17:18:30.577 | SUCCESS  | __main__:save_to_database:153 - Committed 10 posts to the database
2024-09-16 17:18:30.578 | SUCCESS  | __main__:make_api_calls:172 - Retrieved and saved 10 posts. Total: 300
2024-09-16 17:18:35.080 | WARNING  | __main__:save_to_database:143 - Symbol HNXINDEX not found in the database. Skipping.
2024-09-16 17:18:35.081 | WARNING  | __main__:save_to_database:143 - Symbol UPINDEX not found in the database. Skipping.
2024-09-16 17:18:35.081 | WARNING  | __main__:save_to_database:143 - Symbol VNINDEX not found in the database. Skipping.
2024-09-16 17:18:35.179 | SUCCESS  | __main__:save_to_database:153 - Committed 10 posts to the database
2024-09-16 17:18:35.180 | SUCCESS  | __main__:make_api_calls:172 - Retrieved and saved 10 posts. Total: 310
2024-09-16 17:18:40.314 | SUCCESS  | __main__:save_to_database:153 - Committed 10 posts to the database
2024-09-16 17:18:40.315 | SUCCESS  | __main__:make_api_calls:172 - Retrieved and saved 10 posts. Total: 320
2024-09-16 17:18:43.343 | WARNING  | __main__:save_to_database:143 - Symbol HNXINDEX not found in the database. Skipping.
2024-09-16 17:18:43.343 | WARNING  | __main__:save_to_database:143 - Symbol UPINDEX not found in the database. Skipping.
2024-09-16 17:18:43.344 | WARNING  | __main__:save_to_database:143 - Symbol VNINDEX not found in the database. Skipping.
2024-09-16 17:18:43.407 | SUCCESS  | __main__:save_to_database:153 - Committed 10 posts to the database
2024-09-16 17:18:43.408 | SUCCESS  | __main__:make_api_calls:172 - Retrieved and saved 10 posts. Total: 330
2024-09-16 17:18:46.434 | SUCCESS  | __main__:save_to_database:153 - Committed 10 posts to the database
2024-09-16 17:18:46.435 | SUCCESS  | __main__:make_api_calls:172 - Retrieved and saved 10 posts. Total: 340
2024-09-16 17:18:49.485 | SUCCESS  | __main__:save_to_database:153 - Committed 10 posts to the database
2024-09-16 17:18:49.486 | SUCCESS  | __main__:make_api_calls:172 - Retrieved and saved 10 posts. Total: 350
2024-09-16 17:18:51.103 | SUCCESS  | __main__:save_to_database:153 - Committed 10 posts to the database
2024-09-16 17:18:51.104 | SUCCESS  | __main__:make_api_calls:172 - Retrieved and saved 10 posts. Total: 360
2024-09-16 17:18:55.305 | WARNING  | __main__:save_to_database:143 - Symbol ROS not found in the database. Skipping.
2024-09-16 17:18:55.346 | SUCCESS  | __main__:save_to_database:153 - Committed 10 posts to the database
2024-09-16 17:18:55.348 | SUCCESS  | __main__:make_api_calls:172 - Retrieved and saved 10 posts. Total: 370
2024-09-16 17:18:59.613 | SUCCESS  | __main__:save_to_database:153 - Committed 10 posts to the database
2024-09-16 17:18:59.615 | SUCCESS  | __main__:make_api_calls:172 - Retrieved and saved 10 posts. Total: 380
2024-09-16 17:19:03.583 | SUCCESS  | __main__:save_to_database:153 - Committed 10 posts to the database
2024-09-16 17:19:03.584 | SUCCESS  | __main__:make_api_calls:172 - Retrieved and saved 10 posts. Total: 390
2024-09-16 17:19:07.644 | SUCCESS  | __main__:save_to_database:153 - Committed 10 posts to the database
2024-09-16 17:19:07.645 | SUCCESS  | __main__:make_api_calls:172 - Retrieved and saved 10 posts. Total: 400
2024-09-16 17:19:11.390 | WARNING  | __main__:save_to_database:143 - Symbol BZ=F not found in the database. Skipping.
2024-09-16 17:19:11.391 | WARNING  | __main__:save_to_database:143 - Symbol CL=F not found in the database. Skipping.
2024-09-16 17:19:11.392 | WARNING  | __main__:save_to_database:143 - Symbol SI=F not found in the database. Skipping.
2024-09-16 17:19:11.425 | SUCCESS  | __main__:save_to_database:153 - Committed 10 posts to the database
2024-09-16 17:19:11.426 | SUCCESS  | __main__:make_api_calls:172 - Retrieved and saved 10 posts. Total: 410
2024-09-16 17:19:15.155 | WARNING  | __main__:save_to_database:143 - Symbol GC=F not found in the database. Skipping.
2024-09-16 17:19:15.219 | SUCCESS  | __main__:save_to_database:153 - Committed 10 posts to the database
2024-09-16 17:19:15.220 | SUCCESS  | __main__:make_api_calls:172 - Retrieved and saved 10 posts. Total: 420
2024-09-16 17:19:17.894 | SUCCESS  | __main__:save_to_database:153 - Committed 10 posts to the database
2024-09-16 17:19:17.895 | SUCCESS  | __main__:make_api_calls:172 - Retrieved and saved 10 posts. Total: 430
2024-09-16 17:19:19.127 | WARNING  | __main__:save_to_database:143 - Symbol HNXINDEX not found in the database. Skipping.
2024-09-16 17:19:19.128 | WARNING  | __main__:save_to_database:143 - Symbol UPINDEX not found in the database. Skipping.
2024-09-16 17:19:19.128 | WARNING  | __main__:save_to_database:143 - Symbol VN30F1M not found in the database. Skipping.
2024-09-16 17:19:19.129 | WARNING  | __main__:save_to_database:143 - Symbol VNINDEX not found in the database. Skipping.
2024-09-16 17:19:19.237 | SUCCESS  | __main__:save_to_database:153 - Committed 10 posts to the database
2024-09-16 17:19:19.238 | SUCCESS  | __main__:make_api_calls:172 - Retrieved and saved 10 posts. Total: 440
2024-09-16 17:19:24.019 | WARNING  | __main__:save_to_database:143 - Symbol ^DJI not found in the database. Skipping.
2024-09-16 17:19:24.019 | WARNING  | __main__:save_to_database:143 - Symbol ^GSPC not found in the database. Skipping.
2024-09-16 17:19:24.020 | WARNING  | __main__:save_to_database:143 - Symbol ^IXIC not found in the database. Skipping.
2024-09-16 17:19:24.021 | WARNING  | __main__:save_to_database:143 - Symbol HNXINDEX not found in the database. Skipping.
2024-09-16 17:19:24.021 | WARNING  | __main__:save_to_database:143 - Symbol VN30 not found in the database. Skipping.
2024-09-16 17:19:24.021 | WARNING  | __main__:save_to_database:143 - Symbol VNINDEX not found in the database. Skipping.
2024-09-16 17:19:24.038 | WARNING  | __main__:save_to_database:143 - Symbol HNXINDEX not found in the database. Skipping.
2024-09-16 17:19:24.039 | WARNING  | __main__:save_to_database:143 - Symbol UPINDEX not found in the database. Skipping.
2024-09-16 17:19:24.039 | WARNING  | __main__:save_to_database:143 - Symbol VN30F1M not found in the database. Skipping.
2024-09-16 17:19:24.039 | WARNING  | __main__:save_to_database:143 - Symbol VNINDEX not found in the database. Skipping.
2024-09-16 17:19:24.054 | WARNING  | __main__:save_to_database:143 - Symbol VNINDEX not found in the database. Skipping.
2024-09-16 17:19:24.121 | SUCCESS  | __main__:save_to_database:153 - Committed 10 posts to the database
2024-09-16 17:19:24.122 | SUCCESS  | __main__:make_api_calls:172 - Retrieved and saved 10 posts. Total: 450
2024-09-16 17:19:27.793 | WARNING  | __main__:save_to_database:143 - Symbol USD-VND not found in the database. Skipping.
2024-09-16 17:19:27.923 | SUCCESS  | __main__:save_to_database:153 - Committed 10 posts to the database
2024-09-16 17:19:27.924 | SUCCESS  | __main__:make_api_calls:172 - Retrieved and saved 10 posts. Total: 460
2024-09-16 17:19:30.752 | WARNING  | __main__:save_to_database:143 - Symbol BZ=F not found in the database. Skipping.
2024-09-16 17:19:30.753 | WARNING  | __main__:save_to_database:143 - Symbol CL=F not found in the database. Skipping.
2024-09-16 17:19:30.753 | WARNING  | __main__:save_to_database:143 - Symbol SI=F not found in the database. Skipping.
2024-09-16 17:19:30.859 | SUCCESS  | __main__:save_to_database:153 - Committed 10 posts to the database
2024-09-16 17:19:30.860 | SUCCESS  | __main__:make_api_calls:172 - Retrieved and saved 10 posts. Total: 470
2024-09-16 17:19:32.239 | WARNING  | __main__:save_to_database:143 - Symbol KCEU23 not found in the database. Skipping.
2024-09-16 17:19:32.239 | WARNING  | __main__:save_to_database:143 - Symbol LRCK23 not found in the database. Skipping.
2024-09-16 17:19:32.250 | WARNING  | __main__:save_to_database:143 - Symbol GC=F not found in the database. Skipping.
2024-09-16 17:19:32.351 | SUCCESS  | __main__:save_to_database:153 - Committed 10 posts to the database
2024-09-16 17:19:32.352 | SUCCESS  | __main__:make_api_calls:172 - Retrieved and saved 10 posts. Total: 480
2024-09-16 17:19:37.485 | SUCCESS  | __main__:save_to_database:153 - Committed 10 posts to the database
2024-09-16 17:19:37.486 | SUCCESS  | __main__:make_api_calls:172 - Retrieved and saved 10 posts. Total: 490
2024-09-16 17:19:40.228 | SUCCESS  | __main__:save_to_database:153 - Committed 10 posts to the database
2024-09-16 17:19:40.230 | SUCCESS  | __main__:make_api_calls:172 - Retrieved and saved 10 posts. Total: 500
2024-09-16 17:19:41.636 | SUCCESS  | __main__:save_to_database:153 - Committed 10 posts to the database
2024-09-16 17:19:41.637 | SUCCESS  | __main__:make_api_calls:172 - Retrieved and saved 10 posts. Total: 510
2024-09-16 17:19:43.430 | SUCCESS  | __main__:save_to_database:153 - Committed 10 posts to the database
2024-09-16 17:19:43.431 | SUCCESS  | __main__:make_api_calls:172 - Retrieved and saved 10 posts. Total: 520
2024-09-16 17:19:44.978 | SUCCESS  | __main__:save_to_database:153 - Committed 10 posts to the database
2024-09-16 17:19:44.980 | SUCCESS  | __main__:make_api_calls:172 - Retrieved and saved 10 posts. Total: 530
2024-09-16 17:19:46.473 | SUCCESS  | __main__:save_to_database:153 - Committed 10 posts to the database
2024-09-16 17:19:46.474 | SUCCESS  | __main__:make_api_calls:172 - Retrieved and saved 10 posts. Total: 540
2024-09-16 17:19:49.212 | WARNING  | __main__:save_to_database:143 - Symbol VNINDEX not found in the database. Skipping.
2024-09-16 17:19:49.282 | SUCCESS  | __main__:save_to_database:153 - Committed 10 posts to the database
2024-09-16 17:19:49.283 | SUCCESS  | __main__:make_api_calls:172 - Retrieved and saved 10 posts. Total: 550
2024-09-16 17:19:51.209 | SUCCESS  | __main__:save_to_database:153 - Committed 10 posts to the database
2024-09-16 17:19:51.209 | SUCCESS  | __main__:make_api_calls:172 - Retrieved and saved 10 posts. Total: 560
2024-09-16 17:19:55.401 | SUCCESS  | __main__:save_to_database:153 - Committed 10 posts to the database
2024-09-16 17:19:55.402 | SUCCESS  | __main__:make_api_calls:172 - Retrieved and saved 10 posts. Total: 570
2024-09-16 17:19:56.764 | WARNING  | __main__:save_to_database:143 - Symbol KCEU23 not found in the database. Skipping.
2024-09-16 17:19:56.764 | WARNING  | __main__:save_to_database:143 - Symbol LRCK23 not found in the database. Skipping.
2024-09-16 17:19:56.852 | SUCCESS  | __main__:save_to_database:153 - Committed 10 posts to the database
2024-09-16 17:19:56.853 | SUCCESS  | __main__:make_api_calls:172 - Retrieved and saved 10 posts. Total: 580
2024-09-16 17:19:59.051 | SUCCESS  | __main__:save_to_database:153 - Committed 10 posts to the database
2024-09-16 17:19:59.052 | SUCCESS  | __main__:make_api_calls:172 - Retrieved and saved 10 posts. Total: 590
2024-09-16 17:20:04.136 | SUCCESS  | __main__:save_to_database:153 - Committed 10 posts to the database
2024-09-16 17:20:04.137 | SUCCESS  | __main__:make_api_calls:172 - Retrieved and saved 10 posts. Total: 600
2024-09-16 17:20:08.644 | WARNING  | __main__:save_to_database:143 - Symbol US.VFS not found in the database. Skipping.
2024-09-16 17:20:08.751 | WARNING  | __main__:save_to_database:143 - Symbol GC=F not found in the database. Skipping.
2024-09-16 17:20:08.806 | SUCCESS  | __main__:save_to_database:153 - Committed 10 posts to the database
2024-09-16 17:20:08.808 | SUCCESS  | __main__:make_api_calls:172 - Retrieved and saved 10 posts. Total: 610
2024-09-16 17:20:12.242 | WARNING  | __main__:save_to_database:143 - Symbol HNXINDEX not found in the database. Skipping.
2024-09-16 17:20:12.242 | WARNING  | __main__:save_to_database:143 - Symbol UPINDEX not found in the database. Skipping.
2024-09-16 17:20:12.243 | WARNING  | __main__:save_to_database:143 - Symbol VN30 not found in the database. Skipping.
2024-09-16 17:20:12.243 | WARNING  | __main__:save_to_database:143 - Symbol VNINDEX not found in the database. Skipping.
2024-09-16 17:20:12.260 | WARNING  | __main__:save_to_database:143 - Symbol VN30 not found in the database. Skipping.
2024-09-16 17:20:12.261 | WARNING  | __main__:save_to_database:143 - Symbol VNINDEX not found in the database. Skipping.
2024-09-16 17:20:12.298 | SUCCESS  | __main__:save_to_database:153 - Committed 10 posts to the database
2024-09-16 17:20:12.299 | SUCCESS  | __main__:make_api_calls:172 - Retrieved and saved 10 posts. Total: 620
2024-09-16 17:20:14.500 | WARNING  | __main__:save_to_database:143 - Symbol VN30 not found in the database. Skipping.
2024-09-16 17:20:14.500 | WARNING  | __main__:save_to_database:143 - Symbol VNINDEX not found in the database. Skipping.
2024-09-16 17:20:14.550 | WARNING  | __main__:save_to_database:143 - Symbol GC=F not found in the database. Skipping.
2024-09-16 17:20:14.598 | SUCCESS  | __main__:save_to_database:153 - Committed 10 posts to the database
2024-09-16 17:20:14.599 | SUCCESS  | __main__:make_api_calls:172 - Retrieved and saved 10 posts. Total: 630
2024-09-16 17:20:19.175 | WARNING  | __main__:save_to_database:143 - Symbol ^DJI not found in the database. Skipping.
2024-09-16 17:20:19.175 | WARNING  | __main__:save_to_database:143 - Symbol ^GSPC not found in the database. Skipping.
2024-09-16 17:20:19.176 | WARNING  | __main__:save_to_database:143 - Symbol ^IXIC not found in the database. Skipping.
2024-09-16 17:20:19.293 | SUCCESS  | __main__:save_to_database:153 - Committed 10 posts to the database
2024-09-16 17:20:19.294 | SUCCESS  | __main__:make_api_calls:172 - Retrieved and saved 10 posts. Total: 640
2024-09-16 17:20:21.703 | SUCCESS  | __main__:save_to_database:153 - Committed 10 posts to the database
2024-09-16 17:20:21.704 | SUCCESS  | __main__:make_api_calls:172 - Retrieved and saved 10 posts. Total: 650
2024-09-16 17:20:24.145 | SUCCESS  | __main__:save_to_database:153 - Committed 10 posts to the database
2024-09-16 17:20:24.146 | SUCCESS  | __main__:make_api_calls:172 - Retrieved and saved 10 posts. Total: 660
2024-09-16 17:20:25.390 | WARNING  | __main__:save_to_database:143 - Symbol BZ=F not found in the database. Skipping.
2024-09-16 17:20:25.391 | WARNING  | __main__:save_to_database:143 - Symbol CL=F not found in the database. Skipping.
2024-09-16 17:20:25.391 | WARNING  | __main__:save_to_database:143 - Symbol SI=F not found in the database. Skipping.
2024-09-16 17:20:25.425 | WARNING  | __main__:save_to_database:143 - Symbol VNINDEX not found in the database. Skipping.
2024-09-16 17:20:25.478 | SUCCESS  | __main__:save_to_database:153 - Committed 10 posts to the database
2024-09-16 17:20:25.479 | SUCCESS  | __main__:make_api_calls:172 - Retrieved and saved 10 posts. Total: 670
2024-09-16 17:20:28.622 | SUCCESS  | __main__:save_to_database:153 - Committed 10 posts to the database
2024-09-16 17:20:28.623 | SUCCESS  | __main__:make_api_calls:172 - Retrieved and saved 10 posts. Total: 680
2024-09-16 17:20:31.240 | SUCCESS  | __main__:save_to_database:153 - Committed 10 posts to the database
2024-09-16 17:20:31.241 | SUCCESS  | __main__:make_api_calls:172 - Retrieved and saved 10 posts. Total: 690
2024-09-16 17:20:32.862 | WARNING  | __main__:save_to_database:143 - Symbol GC=F not found in the database. Skipping.
2024-09-16 17:20:32.928 | WARNING  | __main__:save_to_database:143 - Symbol KCEU23 not found in the database. Skipping.
2024-09-16 17:20:32.929 | WARNING  | __main__:save_to_database:143 - Symbol LRCH23 not found in the database. Skipping.
2024-09-16 17:20:32.964 | SUCCESS  | __main__:save_to_database:153 - Committed 10 posts to the database
2024-09-16 17:20:32.965 | SUCCESS  | __main__:make_api_calls:172 - Retrieved and saved 10 posts. Total: 700
2024-09-16 17:20:34.265 | WARNING  | __main__:save_to_database:143 - Symbol GC=F not found in the database. Skipping.
2024-09-16 17:20:34.291 | SUCCESS  | __main__:save_to_database:153 - Committed 10 posts to the database
2024-09-16 17:20:34.292 | SUCCESS  | __main__:make_api_calls:172 - Retrieved and saved 10 posts. Total: 710
2024-09-16 17:20:36.052 | WARNING  | __main__:save_to_database:143 - Symbol USD-VND not found in the database. Skipping.
2024-09-16 17:20:36.069 | WARNING  | __main__:save_to_database:143 - Symbol BZ=F not found in the database. Skipping.
2024-09-16 17:20:36.069 | WARNING  | __main__:save_to_database:143 - Symbol CL=F not found in the database. Skipping.
2024-09-16 17:20:36.069 | WARNING  | __main__:save_to_database:143 - Symbol SI=F not found in the database. Skipping.
2024-09-16 17:20:36.125 | SUCCESS  | __main__:save_to_database:153 - Committed 10 posts to the database
2024-09-16 17:20:36.126 | SUCCESS  | __main__:make_api_calls:172 - Retrieved and saved 10 posts. Total: 720
2024-09-16 17:20:38.900 | WARNING  | __main__:save_to_database:143 - Symbol USD-VND not found in the database. Skipping.
2024-09-16 17:20:39.018 | SUCCESS  | __main__:save_to_database:153 - Committed 10 posts to the database
2024-09-16 17:20:39.019 | SUCCESS  | __main__:make_api_calls:172 - Retrieved and saved 10 posts. Total: 730
2024-09-16 17:20:41.149 | WARNING  | __main__:save_to_database:143 - Symbol HNX30 not found in the database. Skipping.
2024-09-16 17:20:41.149 | WARNING  | __main__:save_to_database:143 - Symbol HNXINDEX not found in the database. Skipping.
2024-09-16 17:20:41.149 | WARNING  | __main__:save_to_database:143 - Symbol UPINDEX not found in the database. Skipping.
2024-09-16 17:20:41.150 | WARNING  | __main__:save_to_database:143 - Symbol VN30 not found in the database. Skipping.
2024-09-16 17:20:41.150 | WARNING  | __main__:save_to_database:143 - Symbol VNINDEX not found in the database. Skipping.
2024-09-16 17:20:41.159 | WARNING  | __main__:save_to_database:143 - Symbol ^DJI not found in the database. Skipping.
2024-09-16 17:20:41.159 | WARNING  | __main__:save_to_database:143 - Symbol ^GSPC not found in the database. Skipping.
2024-09-16 17:20:41.160 | WARNING  | __main__:save_to_database:143 - Symbol ^IXIC not found in the database. Skipping.
2024-09-16 17:20:41.160 | WARNING  | __main__:save_to_database:143 - Symbol BZ=F not found in the database. Skipping.
2024-09-16 17:20:41.161 | WARNING  | __main__:save_to_database:143 - Symbol CL=F not found in the database. Skipping.
2024-09-16 17:20:41.274 | SUCCESS  | __main__:save_to_database:153 - Committed 10 posts to the database
2024-09-16 17:20:41.275 | SUCCESS  | __main__:make_api_calls:172 - Retrieved and saved 10 posts. Total: 740
2024-09-16 17:20:44.862 | SUCCESS  | __main__:save_to_database:153 - Committed 10 posts to the database
2024-09-16 17:20:44.863 | SUCCESS  | __main__:make_api_calls:172 - Retrieved and saved 10 posts. Total: 750
2024-09-16 17:20:46.543 | WARNING  | __main__:save_to_database:143 - Symbol HNXINDEX not found in the database. Skipping.
2024-09-16 17:20:46.543 | WARNING  | __main__:save_to_database:143 - Symbol UPINDEX not found in the database. Skipping.
2024-09-16 17:20:46.544 | WARNING  | __main__:save_to_database:143 - Symbol VNINDEX not found in the database. Skipping.
2024-09-16 17:20:46.580 | SUCCESS  | __main__:save_to_database:153 - Committed 10 posts to the database
2024-09-16 17:20:46.580 | SUCCESS  | __main__:make_api_calls:172 - Retrieved and saved 10 posts. Total: 760
2024-09-16 17:20:51.144 | SUCCESS  | __main__:save_to_database:153 - Committed 10 posts to the database
2024-09-16 17:20:51.146 | SUCCESS  | __main__:make_api_calls:172 - Retrieved and saved 10 posts. Total: 770
2024-09-16 17:20:56.266 | SUCCESS  | __main__:save_to_database:153 - Committed 10 posts to the database
2024-09-16 17:20:56.267 | SUCCESS  | __main__:make_api_calls:172 - Retrieved and saved 10 posts. Total: 780
2024-09-16 17:21:01.132 | SUCCESS  | __main__:save_to_database:153 - Committed 10 posts to the database
2024-09-16 17:21:01.133 | SUCCESS  | __main__:make_api_calls:172 - Retrieved and saved 10 posts. Total: 790
2024-09-16 17:21:04.579 | SUCCESS  | __main__:save_to_database:153 - Committed 10 posts to the database
2024-09-16 17:21:04.581 | SUCCESS  | __main__:make_api_calls:172 - Retrieved and saved 10 posts. Total: 800
2024-09-16 17:21:07.568 | SUCCESS  | __main__:save_to_database:153 - Committed 10 posts to the database
2024-09-16 17:21:07.569 | SUCCESS  | __main__:make_api_calls:172 - Retrieved and saved 10 posts. Total: 810
2024-09-16 17:21:09.921 | SUCCESS  | __main__:save_to_database:153 - Committed 10 posts to the database
2024-09-16 17:21:09.922 | SUCCESS  | __main__:make_api_calls:172 - Retrieved and saved 10 posts. Total: 820
2024-09-16 17:21:11.338 | SUCCESS  | __main__:save_to_database:153 - Committed 10 posts to the database
2024-09-16 17:21:11.339 | SUCCESS  | __main__:make_api_calls:172 - Retrieved and saved 10 posts. Total: 830
2024-09-16 17:21:16.454 | SUCCESS  | __main__:save_to_database:153 - Committed 10 posts to the database
2024-09-16 17:21:16.455 | SUCCESS  | __main__:make_api_calls:172 - Retrieved and saved 10 posts. Total: 840
2024-09-16 17:21:21.462 | WARNING  | __main__:save_to_database:143 - Symbol GC=F not found in the database. Skipping.
2024-09-16 17:21:21.528 | SUCCESS  | __main__:save_to_database:153 - Committed 10 posts to the database
2024-09-16 17:21:21.529 | SUCCESS  | __main__:make_api_calls:172 - Retrieved and saved 10 posts. Total: 850
2024-09-16 17:21:26.323 | WARNING  | __main__:save_to_database:143 - Symbol GC=F not found in the database. Skipping.
2024-09-16 17:21:26.441 | SUCCESS  | __main__:save_to_database:153 - Committed 10 posts to the database
2024-09-16 17:21:26.442 | SUCCESS  | __main__:make_api_calls:172 - Retrieved and saved 10 posts. Total: 860
2024-09-16 17:21:30.946 | SUCCESS  | __main__:save_to_database:153 - Committed 10 posts to the database
2024-09-16 17:21:30.947 | SUCCESS  | __main__:make_api_calls:172 - Retrieved and saved 10 posts. Total: 870
2024-09-16 17:21:35.758 | SUCCESS  | __main__:save_to_database:153 - Committed 10 posts to the database
2024-09-16 17:21:35.759 | SUCCESS  | __main__:make_api_calls:172 - Retrieved and saved 10 posts. Total: 880
2024-09-16 17:21:38.121 | WARNING  | __main__:save_to_database:143 - Symbol HNXINDEX not found in the database. Skipping.
2024-09-16 17:21:38.122 | WARNING  | __main__:save_to_database:143 - Symbol UPINDEX not found in the database. Skipping.
2024-09-16 17:21:38.122 | WARNING  | __main__:save_to_database:143 - Symbol VN30F1M not found in the database. Skipping.
2024-09-16 17:21:38.122 | WARNING  | __main__:save_to_database:143 - Symbol VNINDEX not found in the database. Skipping.
2024-09-16 17:21:38.223 | SUCCESS  | __main__:save_to_database:153 - Committed 10 posts to the database
2024-09-16 17:21:38.224 | SUCCESS  | __main__:make_api_calls:172 - Retrieved and saved 10 posts. Total: 890
2024-09-16 17:21:42.772 | SUCCESS  | __main__:save_to_database:153 - Committed 10 posts to the database
2024-09-16 17:21:42.773 | SUCCESS  | __main__:make_api_calls:172 - Retrieved and saved 10 posts. Total: 900
2024-09-16 17:21:44.757 | WARNING  | __main__:save_to_database:143 - Symbol HNXINDEX not found in the database. Skipping.
2024-09-16 17:21:44.758 | WARNING  | __main__:save_to_database:143 - Symbol UPINDEX not found in the database. Skipping.
2024-09-16 17:21:44.758 | WARNING  | __main__:save_to_database:143 - Symbol VNINDEX not found in the database. Skipping.
2024-09-16 17:21:44.783 | SUCCESS  | __main__:save_to_database:153 - Committed 10 posts to the database
2024-09-16 17:21:44.784 | SUCCESS  | __main__:make_api_calls:172 - Retrieved and saved 10 posts. Total: 910
2024-09-16 17:21:46.332 | SUCCESS  | __main__:save_to_database:153 - Committed 10 posts to the database
2024-09-16 17:21:46.333 | SUCCESS  | __main__:make_api_calls:172 - Retrieved and saved 10 posts. Total: 920
2024-09-16 17:21:50.549 | WARNING  | __main__:save_to_database:143 - Symbol HNX30 not found in the database. Skipping.
2024-09-16 17:21:50.549 | WARNING  | __main__:save_to_database:143 - Symbol HNXINDEX not found in the database. Skipping.
2024-09-16 17:21:50.549 | WARNING  | __main__:save_to_database:143 - Symbol UPINDEX not found in the database. Skipping.
2024-09-16 17:21:50.550 | WARNING  | __main__:save_to_database:143 - Symbol VN30 not found in the database. Skipping.
2024-09-16 17:21:50.550 | WARNING  | __main__:save_to_database:143 - Symbol VNINDEX not found in the database. Skipping.
2024-09-16 17:21:50.601 | SUCCESS  | __main__:save_to_database:153 - Committed 10 posts to the database
2024-09-16 17:21:50.603 | SUCCESS  | __main__:make_api_calls:172 - Retrieved and saved 10 posts. Total: 930
2024-09-16 17:21:53.167 | SUCCESS  | __main__:save_to_database:153 - Committed 10 posts to the database
2024-09-16 17:21:53.168 | SUCCESS  | __main__:make_api_calls:172 - Retrieved and saved 10 posts. Total: 940
2024-09-16 17:21:57.853 | SUCCESS  | __main__:save_to_database:153 - Committed 10 posts to the database
2024-09-16 17:21:57.854 | SUCCESS  | __main__:make_api_calls:172 - Retrieved and saved 10 posts. Total: 950
2024-09-16 17:22:02.448 | SUCCESS  | __main__:save_to_database:153 - Committed 10 posts to the database
2024-09-16 17:22:02.449 | SUCCESS  | __main__:make_api_calls:172 - Retrieved and saved 10 posts. Total: 960
2024-09-16 17:22:05.215 | SUCCESS  | __main__:save_to_database:153 - Committed 10 posts to the database
2024-09-16 17:22:05.216 | SUCCESS  | __main__:make_api_calls:172 - Retrieved and saved 10 posts. Total: 970
2024-09-16 17:22:07.058 | WARNING  | __main__:save_to_database:143 - Symbol ^HSI not found in the database. Skipping.
2024-09-16 17:22:07.059 | WARNING  | __main__:save_to_database:143 - Symbol ^KS11 not found in the database. Skipping.
2024-09-16 17:22:07.059 | WARNING  | __main__:save_to_database:143 - Symbol ^N225 not found in the database. Skipping.
2024-09-16 17:22:07.059 | WARNING  | __main__:save_to_database:143 - Symbol BZ=F not found in the database. Skipping.
2024-09-16 17:22:07.060 | WARNING  | __main__:save_to_database:143 - Symbol CL=F not found in the database. Skipping.
2024-09-16 17:22:07.060 | WARNING  | __main__:save_to_database:143 - Symbol GC=F not found in the database. Skipping.
2024-09-16 17:22:07.060 | WARNING  | __main__:save_to_database:143 - Symbol SI=F not found in the database. Skipping.
2024-09-16 17:22:07.061 | WARNING  | __main__:save_to_database:143 - Symbol VNINDEX not found in the database. Skipping.
2024-09-16 17:22:07.165 | SUCCESS  | __main__:save_to_database:153 - Committed 10 posts to the database
2024-09-16 17:22:07.166 | SUCCESS  | __main__:make_api_calls:172 - Retrieved and saved 10 posts. Total: 980
2024-09-16 17:22:12.224 | WARNING  | __main__:save_to_database:143 - Symbol HNXINDEX not found in the database. Skipping.
2024-09-16 17:22:12.225 | WARNING  | __main__:save_to_database:143 - Symbol UPINDEX not found in the database. Skipping.
2024-09-16 17:22:12.225 | WARNING  | __main__:save_to_database:143 - Symbol VN30 not found in the database. Skipping.
2024-09-16 17:22:12.225 | WARNING  | __main__:save_to_database:143 - Symbol VNINDEX not found in the database. Skipping.
2024-09-16 17:22:12.365 | SUCCESS  | __main__:save_to_database:153 - Committed 10 posts to the database
2024-09-16 17:22:12.366 | SUCCESS  | __main__:make_api_calls:172 - Retrieved and saved 10 posts. Total: 990
2024-09-16 17:22:17.491 | WARNING  | __main__:save_to_database:143 - Symbol HNX30 not found in the database. Skipping.
2024-09-16 17:22:17.491 | WARNING  | __main__:save_to_database:143 - Symbol HNXINDEX not found in the database. Skipping.
2024-09-16 17:22:17.491 | WARNING  | __main__:save_to_database:143 - Symbol UPINDEX not found in the database. Skipping.
2024-09-16 17:22:17.492 | WARNING  | __main__:save_to_database:143 - Symbol VN30 not found in the database. Skipping.
2024-09-16 17:22:17.492 | WARNING  | __main__:save_to_database:143 - Symbol VN30F1M not found in the database. Skipping.
2024-09-16 17:22:17.492 | WARNING  | __main__:save_to_database:143 - Symbol VNINDEX not found in the database. Skipping.
2024-09-16 17:22:17.576 | SUCCESS  | __main__:save_to_database:153 - Committed 10 posts to the database
2024-09-16 17:22:17.577 | SUCCESS  | __main__:make_api_calls:172 - Retrieved and saved 10 posts. Total: 1000
2024-09-16 17:22:21.863 | SUCCESS  | __main__:save_to_database:153 - Committed 10 posts to the database
2024-09-16 17:22:21.864 | SUCCESS  | __main__:make_api_calls:172 - Retrieved and saved 10 posts. Total: 1010
2024-09-16 17:22:25.347 | WARNING  | __main__:save_to_database:143 - Symbol HNX30 not found in the database. Skipping.
2024-09-16 17:22:25.347 | WARNING  | __main__:save_to_database:143 - Symbol HNXINDEX not found in the database. Skipping.
2024-09-16 17:22:25.348 | WARNING  | __main__:save_to_database:143 - Symbol UPINDEX not found in the database. Skipping.
2024-09-16 17:22:25.348 | WARNING  | __main__:save_to_database:143 - Symbol VN30 not found in the database. Skipping.
2024-09-16 17:22:25.348 | WARNING  | __main__:save_to_database:143 - Symbol VNINDEX not found in the database. Skipping.
2024-09-16 17:22:25.357 | WARNING  | __main__:save_to_database:143 - Symbol USD-VND not found in the database. Skipping.
2024-09-16 17:22:25.439 | SUCCESS  | __main__:save_to_database:153 - Committed 10 posts to the database
2024-09-16 17:22:25.440 | SUCCESS  | __main__:make_api_calls:172 - Retrieved and saved 10 posts. Total: 1020
2024-09-16 17:22:29.208 | SUCCESS  | __main__:save_to_database:153 - Committed 10 posts to the database
2024-09-16 17:22:29.209 | SUCCESS  | __main__:make_api_calls:172 - Retrieved and saved 10 posts. Total: 1030
2024-09-16 17:22:32.224 | SUCCESS  | __main__:save_to_database:153 - Committed 10 posts to the database
2024-09-16 17:22:32.225 | SUCCESS  | __main__:make_api_calls:172 - Retrieved and saved 10 posts. Total: 1040
2024-09-16 17:22:37.003 | WARNING  | __main__:save_to_database:143 - Symbol HNX30 not found in the database. Skipping.
2024-09-16 17:22:37.003 | WARNING  | __main__:save_to_database:143 - Symbol HNXINDEX not found in the database. Skipping.
2024-09-16 17:22:37.004 | WARNING  | __main__:save_to_database:143 - Symbol UPINDEX not found in the database. Skipping.
2024-09-16 17:22:37.004 | WARNING  | __main__:save_to_database:143 - Symbol USD-VND not found in the database. Skipping.
2024-09-16 17:22:37.004 | WARNING  | __main__:save_to_database:143 - Symbol VN30 not found in the database. Skipping.
2024-09-16 17:22:37.004 | WARNING  | __main__:save_to_database:143 - Symbol VNINDEX not found in the database. Skipping.
2024-09-16 17:22:37.066 | SUCCESS  | __main__:save_to_database:153 - Committed 10 posts to the database
2024-09-16 17:22:37.067 | SUCCESS  | __main__:make_api_calls:172 - Retrieved and saved 10 posts. Total: 1050
2024-09-16 17:22:38.684 | SUCCESS  | __main__:save_to_database:153 - Committed 10 posts to the database
2024-09-16 17:22:38.685 | SUCCESS  | __main__:make_api_calls:172 - Retrieved and saved 10 posts. Total: 1060
2024-09-16 17:22:41.062 | WARNING  | __main__:save_to_database:143 - Symbol HNXINDEX not found in the database. Skipping.
2024-09-16 17:22:41.062 | WARNING  | __main__:save_to_database:143 - Symbol UPINDEX not found in the database. Skipping.
2024-09-16 17:22:41.063 | WARNING  | __main__:save_to_database:143 - Symbol VN30 not found in the database. Skipping.
2024-09-16 17:22:41.063 | WARNING  | __main__:save_to_database:143 - Symbol VNINDEX not found in the database. Skipping.
2024-09-16 17:22:41.134 | SUCCESS  | __main__:save_to_database:153 - Committed 10 posts to the database
2024-09-16 17:22:41.135 | SUCCESS  | __main__:make_api_calls:172 - Retrieved and saved 10 posts. Total: 1070
2024-09-16 17:22:45.439 | SUCCESS  | __main__:save_to_database:153 - Committed 10 posts to the database
2024-09-16 17:22:45.440 | SUCCESS  | __main__:make_api_calls:172 - Retrieved and saved 10 posts. Total: 1080
2024-09-16 17:22:50.655 | SUCCESS  | __main__:save_to_database:153 - Committed 10 posts to the database
2024-09-16 17:22:50.656 | SUCCESS  | __main__:make_api_calls:172 - Retrieved and saved 10 posts. Total: 1090
2024-09-16 17:22:52.066 | SUCCESS  | __main__:save_to_database:153 - Committed 10 posts to the database
2024-09-16 17:22:52.068 | SUCCESS  | __main__:make_api_calls:172 - Retrieved and saved 10 posts. Total: 1100
2024-09-16 17:22:56.551 | SUCCESS  | __main__:save_to_database:153 - Committed 10 posts to the database
2024-09-16 17:22:56.552 | SUCCESS  | __main__:make_api_calls:172 - Retrieved and saved 10 posts. Total: 1110
2024-09-16 17:22:58.611 | SUCCESS  | __main__:save_to_database:153 - Committed 10 posts to the database
2024-09-16 17:22:58.611 | SUCCESS  | __main__:make_api_calls:172 - Retrieved and saved 10 posts. Total: 1120
2024-09-16 17:23:00.863 | SUCCESS  | __main__:save_to_database:153 - Committed 10 posts to the database
2024-09-16 17:23:00.864 | SUCCESS  | __main__:make_api_calls:172 - Retrieved and saved 10 posts. Total: 1130
2024-09-16 17:23:03.783 | WARNING  | __main__:save_to_database:143 - Symbol ^DJI not found in the database. Skipping.
2024-09-16 17:23:03.784 | WARNING  | __main__:save_to_database:143 - Symbol ^GSPC not found in the database. Skipping.
2024-09-16 17:23:03.784 | WARNING  | __main__:save_to_database:143 - Symbol ^IXIC not found in the database. Skipping.
2024-09-16 17:23:03.863 | SUCCESS  | __main__:save_to_database:153 - Committed 10 posts to the database
2024-09-16 17:23:03.865 | SUCCESS  | __main__:make_api_calls:172 - Retrieved and saved 10 posts. Total: 1140
2024-09-16 17:23:06.691 | WARNING  | __main__:save_to_database:143 - Symbol HNXINDEX not found in the database. Skipping.
2024-09-16 17:23:06.691 | WARNING  | __main__:save_to_database:143 - Symbol UPINDEX not found in the database. Skipping.
2024-09-16 17:23:06.692 | WARNING  | __main__:save_to_database:143 - Symbol VNINDEX not found in the database. Skipping.
2024-09-16 17:23:06.789 | SUCCESS  | __main__:save_to_database:153 - Committed 10 posts to the database
2024-09-16 17:23:06.790 | SUCCESS  | __main__:make_api_calls:172 - Retrieved and saved 10 posts. Total: 1150
2024-09-16 17:23:11.589 | SUCCESS  | __main__:save_to_database:153 - Committed 10 posts to the database
2024-09-16 17:23:11.590 | SUCCESS  | __main__:make_api_calls:172 - Retrieved and saved 10 posts. Total: 1160
2024-09-16 17:23:15.439 | SUCCESS  | __main__:save_to_database:153 - Committed 10 posts to the database
2024-09-16 17:23:15.440 | SUCCESS  | __main__:make_api_calls:172 - Retrieved and saved 10 posts. Total: 1170
2024-09-16 17:23:18.686 | WARNING  | __main__:save_to_database:143 - Symbol KCEU23 not found in the database. Skipping.
2024-09-16 17:23:18.686 | WARNING  | __main__:save_to_database:143 - Symbol LRCK23 not found in the database. Skipping.
2024-09-16 17:23:18.701 | WARNING  | __main__:save_to_database:143 - Symbol USD-VND not found in the database. Skipping.
2024-09-16 17:23:18.723 | WARNING  | __main__:save_to_database:143 - Symbol HNXINDEX not found in the database. Skipping.
2024-09-16 17:23:18.723 | WARNING  | __main__:save_to_database:143 - Symbol UPINDEX not found in the database. Skipping.
2024-09-16 17:23:18.723 | WARNING  | __main__:save_to_database:143 - Symbol VN30F1M not found in the database. Skipping.
2024-09-16 17:23:18.724 | WARNING  | __main__:save_to_database:143 - Symbol VNINDEX not found in the database. Skipping.
2024-09-16 17:23:18.734 | WARNING  | __main__:save_to_database:143 - Symbol BZ=F not found in the database. Skipping.
2024-09-16 17:23:18.735 | WARNING  | __main__:save_to_database:143 - Symbol CL=F not found in the database. Skipping.
2024-09-16 17:23:18.735 | WARNING  | __main__:save_to_database:143 - Symbol SI=F not found in the database. Skipping.
2024-09-16 17:23:18.782 | SUCCESS  | __main__:save_to_database:153 - Committed 10 posts to the database
2024-09-16 17:23:18.783 | SUCCESS  | __main__:make_api_calls:172 - Retrieved and saved 10 posts. Total: 1180
2024-09-16 17:23:22.580 | WARNING  | __main__:save_to_database:143 - Symbol GC=F not found in the database. Skipping.
2024-09-16 17:23:22.658 | WARNING  | __main__:save_to_database:143 - Symbol HNXINDEX not found in the database. Skipping.
2024-09-16 17:23:22.659 | WARNING  | __main__:save_to_database:143 - Symbol UPINDEX not found in the database. Skipping.
2024-09-16 17:23:22.659 | WARNING  | __main__:save_to_database:143 - Symbol VNINDEX not found in the database. Skipping.
2024-09-16 17:23:22.716 | SUCCESS  | __main__:save_to_database:153 - Committed 10 posts to the database
2024-09-16 17:23:22.718 | SUCCESS  | __main__:make_api_calls:172 - Retrieved and saved 10 posts. Total: 1190
2024-09-16 17:23:26.577 | SUCCESS  | __main__:save_to_database:153 - Committed 10 posts to the database
2024-09-16 17:23:26.578 | SUCCESS  | __main__:make_api_calls:172 - Retrieved and saved 10 posts. Total: 1200
2024-09-16 17:23:28.067 | SUCCESS  | __main__:save_to_database:153 - Committed 10 posts to the database
2024-09-16 17:23:28.068 | SUCCESS  | __main__:make_api_calls:172 - Retrieved and saved 10 posts. Total: 1210
2024-09-16 17:23:30.804 | SUCCESS  | __main__:save_to_database:153 - Committed 10 posts to the database
2024-09-16 17:23:30.805 | SUCCESS  | __main__:make_api_calls:172 - Retrieved and saved 10 posts. Total: 1220
2024-09-16 17:23:32.633 | SUCCESS  | __main__:save_to_database:153 - Committed 10 posts to the database
2024-09-16 17:23:32.634 | SUCCESS  | __main__:make_api_calls:172 - Retrieved and saved 10 posts. Total: 1230
2024-09-16 17:23:36.372 | WARNING  | __main__:save_to_database:143 - Symbol HNXINDEX not found in the database. Skipping.
2024-09-16 17:23:36.372 | WARNING  | __main__:save_to_database:143 - Symbol UPINDEX not found in the database. Skipping.
2024-09-16 17:23:36.372 | WARNING  | __main__:save_to_database:143 - Symbol VN30F1M not found in the database. Skipping.
2024-09-16 17:23:36.373 | WARNING  | __main__:save_to_database:143 - Symbol VNINDEX not found in the database. Skipping.
2024-09-16 17:23:36.406 | WARNING  | __main__:save_to_database:143 - Symbol VNINDEX not found in the database. Skipping.
2024-09-16 17:23:36.446 | SUCCESS  | __main__:save_to_database:153 - Committed 10 posts to the database
2024-09-16 17:23:36.448 | SUCCESS  | __main__:make_api_calls:172 - Retrieved and saved 10 posts. Total: 1240
2024-09-16 17:23:40.708 | WARNING  | __main__:save_to_database:143 - Symbol HNXINDEX not found in the database. Skipping.
2024-09-16 17:23:40.708 | WARNING  | __main__:save_to_database:143 - Symbol UPINDEX not found in the database. Skipping.
2024-09-16 17:23:40.708 | WARNING  | __main__:save_to_database:143 - Symbol VN30F1M not found in the database. Skipping.
2024-09-16 17:23:40.709 | WARNING  | __main__:save_to_database:143 - Symbol VNINDEX not found in the database. Skipping.
2024-09-16 17:23:40.824 | SUCCESS  | __main__:save_to_database:153 - Committed 10 posts to the database
2024-09-16 17:23:40.825 | SUCCESS  | __main__:make_api_calls:172 - Retrieved and saved 10 posts. Total: 1250
2024-09-16 17:23:45.400 | WARNING  | __main__:save_to_database:143 - Symbol KCEU23 not found in the database. Skipping.
2024-09-16 17:23:45.400 | WARNING  | __main__:save_to_database:143 - Symbol LRCK23 not found in the database. Skipping.
2024-09-16 17:23:45.524 | SUCCESS  | __main__:save_to_database:153 - Committed 10 posts to the database
2024-09-16 17:23:45.525 | SUCCESS  | __main__:make_api_calls:172 - Retrieved and saved 10 posts. Total: 1260
2024-09-16 17:23:50.014 | WARNING  | __main__:save_to_database:143 - Symbol HNXINDEX not found in the database. Skipping.
2024-09-16 17:23:50.014 | WARNING  | __main__:save_to_database:143 - Symbol UPINDEX not found in the database. Skipping.
2024-09-16 17:23:50.014 | WARNING  | __main__:save_to_database:143 - Symbol VN30F1M not found in the database. Skipping.
2024-09-16 17:23:50.015 | WARNING  | __main__:save_to_database:143 - Symbol VNINDEX not found in the database. Skipping.
2024-09-16 17:23:50.143 | SUCCESS  | __main__:save_to_database:153 - Committed 10 posts to the database
2024-09-16 17:23:50.144 | SUCCESS  | __main__:make_api_calls:172 - Retrieved and saved 10 posts. Total: 1270
2024-09-16 17:23:51.435 | SUCCESS  | __main__:save_to_database:153 - Committed 10 posts to the database
2024-09-16 17:23:51.436 | SUCCESS  | __main__:make_api_calls:172 - Retrieved and saved 10 posts. Total: 1280
2024-09-16 17:23:53.667 | SUCCESS  | __main__:save_to_database:153 - Committed 10 posts to the database
2024-09-16 17:23:53.667 | SUCCESS  | __main__:make_api_calls:172 - Retrieved and saved 10 posts. Total: 1290
2024-09-16 17:23:58.057 | WARNING  | __main__:save_to_database:143 - Symbol ^HSI not found in the database. Skipping.
2024-09-16 17:23:58.058 | WARNING  | __main__:save_to_database:143 - Symbol ^KS11 not found in the database. Skipping.
2024-09-16 17:23:58.058 | WARNING  | __main__:save_to_database:143 - Symbol ^N225 not found in the database. Skipping.
2024-09-16 17:23:58.058 | WARNING  | __main__:save_to_database:143 - Symbol BZ=F not found in the database. Skipping.
2024-09-16 17:23:58.059 | WARNING  | __main__:save_to_database:143 - Symbol GC=F not found in the database. Skipping.
2024-09-16 17:23:58.059 | WARNING  | __main__:save_to_database:143 - Symbol HNXINDEX not found in the database. Skipping.
2024-09-16 17:23:58.059 | WARNING  | __main__:save_to_database:143 - Symbol VNINDEX not found in the database. Skipping.
2024-09-16 17:23:58.122 | SUCCESS  | __main__:save_to_database:153 - Committed 10 posts to the database
2024-09-16 17:23:58.123 | SUCCESS  | __main__:make_api_calls:172 - Retrieved and saved 10 posts. Total: 1300
2024-09-16 17:24:00.708 | WARNING  | __main__:save_to_database:143 - Symbol HNXINDEX not found in the database. Skipping.
2024-09-16 17:24:00.709 | WARNING  | __main__:save_to_database:143 - Symbol UPINDEX not found in the database. Skipping.
2024-09-16 17:24:00.709 | WARNING  | __main__:save_to_database:143 - Symbol VNINDEX not found in the database. Skipping.
2024-09-16 17:24:00.780 | SUCCESS  | __main__:save_to_database:153 - Committed 10 posts to the database
2024-09-16 17:24:00.781 | SUCCESS  | __main__:make_api_calls:172 - Retrieved and saved 10 posts. Total: 1310
2024-09-16 17:24:03.823 | SUCCESS  | __main__:save_to_database:153 - Committed 10 posts to the database
2024-09-16 17:24:03.825 | SUCCESS  | __main__:make_api_calls:172 - Retrieved and saved 10 posts. Total: 1320
2024-09-16 17:24:05.966 | SUCCESS  | __main__:save_to_database:153 - Committed 10 posts to the database
2024-09-16 17:24:05.967 | SUCCESS  | __main__:make_api_calls:172 - Retrieved and saved 10 posts. Total: 1330
2024-09-16 17:24:07.791 | WARNING  | __main__:save_to_database:143 - Symbol HNXINDEX not found in the database. Skipping.
2024-09-16 17:24:07.791 | WARNING  | __main__:save_to_database:143 - Symbol UPINDEX not found in the database. Skipping.
2024-09-16 17:24:07.791 | WARNING  | __main__:save_to_database:143 - Symbol VNINDEX not found in the database. Skipping.
2024-09-16 17:24:07.849 | SUCCESS  | __main__:save_to_database:153 - Committed 10 posts to the database
2024-09-16 17:24:07.850 | SUCCESS  | __main__:make_api_calls:172 - Retrieved and saved 10 posts. Total: 1340
2024-09-16 17:24:12.836 | SUCCESS  | __main__:save_to_database:153 - Committed 10 posts to the database
2024-09-16 17:24:12.837 | SUCCESS  | __main__:make_api_calls:172 - Retrieved and saved 10 posts. Total: 1350
2024-09-16 17:24:16.027 | SUCCESS  | __main__:save_to_database:153 - Committed 10 posts to the database
2024-09-16 17:24:16.028 | SUCCESS  | __main__:make_api_calls:172 - Retrieved and saved 10 posts. Total: 1360
2024-09-16 17:24:20.810 | WARNING  | __main__:save_to_database:143 - Symbol HNXINDEX not found in the database. Skipping.
2024-09-16 17:24:20.811 | WARNING  | __main__:save_to_database:143 - Symbol UPINDEX not found in the database. Skipping.
2024-09-16 17:24:20.811 | WARNING  | __main__:save_to_database:143 - Symbol VN30F1M not found in the database. Skipping.
2024-09-16 17:24:20.811 | WARNING  | __main__:save_to_database:143 - Symbol VNINDEX not found in the database. Skipping.
2024-09-16 17:24:20.885 | SUCCESS  | __main__:save_to_database:153 - Committed 10 posts to the database
2024-09-16 17:24:20.886 | SUCCESS  | __main__:make_api_calls:172 - Retrieved and saved 10 posts. Total: 1370
2024-09-16 17:24:22.163 | WARNING  | __main__:save_to_database:143 - Symbol GC=F not found in the database. Skipping.
2024-09-16 17:24:22.219 | WARNING  | __main__:save_to_database:143 - Symbol HNXINDEX not found in the database. Skipping.
2024-09-16 17:24:22.219 | WARNING  | __main__:save_to_database:143 - Symbol UPINDEX not found in the database. Skipping.
2024-09-16 17:24:22.219 | WARNING  | __main__:save_to_database:143 - Symbol VN30 not found in the database. Skipping.
2024-09-16 17:24:22.220 | WARNING  | __main__:save_to_database:143 - Symbol VNINDEX not found in the database. Skipping.
2024-09-16 17:24:22.229 | WARNING  | __main__:save_to_database:143 - Symbol HNXINDEX not found in the database. Skipping.
2024-09-16 17:24:22.230 | WARNING  | __main__:save_to_database:143 - Symbol UPINDEX not found in the database. Skipping.
2024-09-16 17:24:22.230 | WARNING  | __main__:save_to_database:143 - Symbol VN30F1M not found in the database. Skipping.
2024-09-16 17:24:22.230 | WARNING  | __main__:save_to_database:143 - Symbol VNINDEX not found in the database. Skipping.
2024-09-16 17:24:22.279 | SUCCESS  | __main__:save_to_database:153 - Committed 10 posts to the database
2024-09-16 17:24:22.280 | SUCCESS  | __main__:make_api_calls:172 - Retrieved and saved 10 posts. Total: 1380
2024-09-16 17:24:24.211 | SUCCESS  | __main__:save_to_database:153 - Committed 10 posts to the database
2024-09-16 17:24:24.213 | SUCCESS  | __main__:make_api_calls:172 - Retrieved and saved 10 posts. Total: 1390
2024-09-16 17:24:25.714 | WARNING  | __main__:save_to_database:143 - Symbol HNX30 not found in the database. Skipping.
2024-09-16 17:24:25.714 | WARNING  | __main__:save_to_database:143 - Symbol HNXINDEX not found in the database. Skipping.
2024-09-16 17:24:25.715 | WARNING  | __main__:save_to_database:143 - Symbol UPINDEX not found in the database. Skipping.
2024-09-16 17:24:25.715 | WARNING  | __main__:save_to_database:143 - Symbol VN30 not found in the database. Skipping.
2024-09-16 17:24:25.715 | WARNING  | __main__:save_to_database:143 - Symbol VN30F1M not found in the database. Skipping.
2024-09-16 17:24:25.715 | WARNING  | __main__:save_to_database:143 - Symbol VNINDEX not found in the database. Skipping.
2024-09-16 17:24:25.766 | SUCCESS  | __main__:save_to_database:153 - Committed 10 posts to the database
2024-09-16 17:24:25.769 | SUCCESS  | __main__:make_api_calls:172 - Retrieved and saved 10 posts. Total: 1400
2024-09-16 17:24:27.957 | WARNING  | __main__:save_to_database:143 - Symbol HNXINDEX not found in the database. Skipping.
2024-09-16 17:24:27.958 | WARNING  | __main__:save_to_database:143 - Symbol UPINDEX not found in the database. Skipping.
2024-09-16 17:24:27.958 | WARNING  | __main__:save_to_database:143 - Symbol VN30F1M not found in the database. Skipping.
2024-09-16 17:24:27.958 | WARNING  | __main__:save_to_database:143 - Symbol VNINDEX not found in the database. Skipping.
2024-09-16 17:24:28.063 | SUCCESS  | __main__:save_to_database:153 - Committed 10 posts to the database
2024-09-16 17:24:28.064 | SUCCESS  | __main__:make_api_calls:172 - Retrieved and saved 10 posts. Total: 1410
2024-09-16 17:24:32.514 | SUCCESS  | __main__:save_to_database:153 - Committed 10 posts to the database
2024-09-16 17:24:32.516 | SUCCESS  | __main__:make_api_calls:172 - Retrieved and saved 10 posts. Total: 1420
2024-09-16 17:24:36.393 | WARNING  | __main__:save_to_database:143 - Symbol USD-VND not found in the database. Skipping.
2024-09-16 17:24:36.518 | SUCCESS  | __main__:save_to_database:153 - Committed 10 posts to the database
2024-09-16 17:24:36.519 | SUCCESS  | __main__:make_api_calls:172 - Retrieved and saved 10 posts. Total: 1430
2024-09-16 17:24:41.099 | WARNING  | __main__:save_to_database:143 - Symbol VNINDEX not found in the database. Skipping.
2024-09-16 17:24:41.157 | WARNING  | __main__:save_to_database:143 - Symbol HNX30 not found in the database. Skipping.
2024-09-16 17:24:41.157 | WARNING  | __main__:save_to_database:143 - Symbol HNXINDEX not found in the database. Skipping.
2024-09-16 17:24:41.158 | WARNING  | __main__:save_to_database:143 - Symbol UPINDEX not found in the database. Skipping.
2024-09-16 17:24:41.158 | WARNING  | __main__:save_to_database:143 - Symbol VN30 not found in the database. Skipping.
2024-09-16 17:24:41.158 | WARNING  | __main__:save_to_database:143 - Symbol VNINDEX not found in the database. Skipping.
2024-09-16 17:24:41.196 | SUCCESS  | __main__:save_to_database:153 - Committed 10 posts to the database
2024-09-16 17:24:41.197 | SUCCESS  | __main__:make_api_calls:172 - Retrieved and saved 10 posts. Total: 1440
2024-09-16 17:24:43.970 | WARNING  | __main__:save_to_database:143 - Symbol HNX30 not found in the database. Skipping.
2024-09-16 17:24:43.971 | WARNING  | __main__:save_to_database:143 - Symbol HNXINDEX not found in the database. Skipping.
2024-09-16 17:24:43.971 | WARNING  | __main__:save_to_database:143 - Symbol UPINDEX not found in the database. Skipping.
2024-09-16 17:24:43.971 | WARNING  | __main__:save_to_database:143 - Symbol VN30 not found in the database. Skipping.
2024-09-16 17:24:43.971 | WARNING  | __main__:save_to_database:143 - Symbol VNINDEX not found in the database. Skipping.
2024-09-16 17:24:44.104 | SUCCESS  | __main__:save_to_database:153 - Committed 10 posts to the database
2024-09-16 17:24:44.105 | SUCCESS  | __main__:make_api_calls:172 - Retrieved and saved 10 posts. Total: 1450
2024-09-16 17:24:47.815 | SUCCESS  | __main__:save_to_database:153 - Committed 10 posts to the database
2024-09-16 17:24:47.816 | SUCCESS  | __main__:make_api_calls:172 - Retrieved and saved 10 posts. Total: 1460
2024-09-16 17:24:50.798 | SUCCESS  | __main__:save_to_database:153 - Committed 10 posts to the database
2024-09-16 17:24:50.800 | SUCCESS  | __main__:make_api_calls:172 - Retrieved and saved 10 posts. Total: 1470
2024-09-16 17:24:52.449 | SUCCESS  | __main__:save_to_database:153 - Committed 10 posts to the database
2024-09-16 17:24:52.450 | SUCCESS  | __main__:make_api_calls:172 - Retrieved and saved 10 posts. Total: 1480
2024-09-16 17:24:55.633 | SUCCESS  | __main__:save_to_database:153 - Committed 10 posts to the database
2024-09-16 17:24:55.634 | SUCCESS  | __main__:make_api_calls:172 - Retrieved and saved 10 posts. Total: 1490
2024-09-16 17:24:57.654 | WARNING  | __main__:save_to_database:143 - Symbol VNINDEX not found in the database. Skipping.
2024-09-16 17:24:57.724 | SUCCESS  | __main__:save_to_database:153 - Committed 10 posts to the database
2024-09-16 17:24:57.725 | SUCCESS  | __main__:make_api_calls:172 - Retrieved and saved 10 posts. Total: 1500
2024-09-16 17:24:59.094 | SUCCESS  | __main__:save_to_database:153 - Committed 10 posts to the database
2024-09-16 17:24:59.095 | SUCCESS  | __main__:make_api_calls:172 - Retrieved and saved 10 posts. Total: 1510
2024-09-16 17:25:01.603 | SUCCESS  | __main__:save_to_database:153 - Committed 10 posts to the database
2024-09-16 17:25:01.604 | SUCCESS  | __main__:make_api_calls:172 - Retrieved and saved 10 posts. Total: 1520
2024-09-16 17:25:04.085 | WARNING  | __main__:save_to_database:143 - Symbol VNINDEX not found in the database. Skipping.
2024-09-16 17:25:04.162 | SUCCESS  | __main__:save_to_database:153 - Committed 10 posts to the database
2024-09-16 17:25:04.163 | SUCCESS  | __main__:make_api_calls:172 - Retrieved and saved 10 posts. Total: 1530
2024-09-16 17:25:08.777 | WARNING  | __main__:save_to_database:143 - Symbol ^DJI not found in the database. Skipping.
2024-09-16 17:25:08.777 | WARNING  | __main__:save_to_database:143 - Symbol ^GSPC not found in the database. Skipping.
2024-09-16 17:25:08.777 | WARNING  | __main__:save_to_database:143 - Symbol ^IXIC not found in the database. Skipping.
2024-09-16 17:25:08.876 | SUCCESS  | __main__:save_to_database:153 - Committed 10 posts to the database
2024-09-16 17:25:08.877 | SUCCESS  | __main__:make_api_calls:172 - Retrieved and saved 10 posts. Total: 1540
2024-09-16 17:25:10.553 | WARNING  | __main__:save_to_database:143 - Symbol ^DJI not found in the database. Skipping.
2024-09-16 17:25:10.553 | WARNING  | __main__:save_to_database:143 - Symbol ^GSPC not found in the database. Skipping.
2024-09-16 17:25:10.553 | WARNING  | __main__:save_to_database:143 - Symbol ^IXIC not found in the database. Skipping.
2024-09-16 17:25:10.584 | WARNING  | __main__:save_to_database:143 - Symbol KCEU23 not found in the database. Skipping.
2024-09-16 17:25:10.585 | WARNING  | __main__:save_to_database:143 - Symbol LRCK23 not found in the database. Skipping.
2024-09-16 17:25:10.621 | WARNING  | __main__:save_to_database:143 - Symbol USD-VND not found in the database. Skipping.
2024-09-16 17:25:10.656 | SUCCESS  | __main__:save_to_database:153 - Committed 10 posts to the database
2024-09-16 17:25:10.657 | SUCCESS  | __main__:make_api_calls:172 - Retrieved and saved 10 posts. Total: 1550
2024-09-16 17:25:14.341 | WARNING  | __main__:save_to_database:143 - Symbol BZ=F not found in the database. Skipping.
2024-09-16 17:25:14.342 | WARNING  | __main__:save_to_database:143 - Symbol CL=F not found in the database. Skipping.
2024-09-16 17:25:14.342 | WARNING  | __main__:save_to_database:143 - Symbol SI=F not found in the database. Skipping.
2024-09-16 17:25:14.362 | WARNING  | __main__:save_to_database:143 - Symbol GC=F not found in the database. Skipping.
2024-09-16 17:25:14.383 | WARNING  | __main__:save_to_database:143 - Symbol HNXINDEX not found in the database. Skipping.
2024-09-16 17:25:14.383 | WARNING  | __main__:save_to_database:143 - Symbol UPINDEX not found in the database. Skipping.
2024-09-16 17:25:14.383 | WARNING  | __main__:save_to_database:143 - Symbol VNINDEX not found in the database. Skipping.
2024-09-16 17:25:14.432 | SUCCESS  | __main__:save_to_database:153 - Committed 10 posts to the database
2024-09-16 17:25:14.433 | SUCCESS  | __main__:make_api_calls:172 - Retrieved and saved 10 posts. Total: 1560
2024-09-16 17:25:16.393 | SUCCESS  | __main__:save_to_database:153 - Committed 10 posts to the database
2024-09-16 17:25:16.394 | SUCCESS  | __main__:make_api_calls:172 - Retrieved and saved 10 posts. Total: 1570
2024-09-16 17:25:20.007 | WARNING  | __main__:save_to_database:143 - Symbol HNXINDEX not found in the database. Skipping.
2024-09-16 17:25:20.007 | WARNING  | __main__:save_to_database:143 - Symbol UPINDEX not found in the database. Skipping.
2024-09-16 17:25:20.008 | WARNING  | __main__:save_to_database:143 - Symbol VNINDEX not found in the database. Skipping.
2024-09-16 17:25:20.068 | SUCCESS  | __main__:save_to_database:153 - Committed 10 posts to the database
2024-09-16 17:25:20.069 | SUCCESS  | __main__:make_api_calls:172 - Retrieved and saved 10 posts. Total: 1580
2024-09-16 17:25:23.111 | SUCCESS  | __main__:save_to_database:153 - Committed 10 posts to the database
2024-09-16 17:25:23.112 | SUCCESS  | __main__:make_api_calls:172 - Retrieved and saved 10 posts. Total: 1590
2024-09-16 17:25:25.927 | SUCCESS  | __main__:save_to_database:153 - Committed 10 posts to the database
2024-09-16 17:25:25.928 | SUCCESS  | __main__:make_api_calls:172 - Retrieved and saved 10 posts. Total: 1600
2024-09-16 17:25:28.014 | WARNING  | __main__:save_to_database:143 - Symbol HNXINDEX not found in the database. Skipping.
2024-09-16 17:25:28.015 | WARNING  | __main__:save_to_database:143 - Symbol UPINDEX not found in the database. Skipping.
2024-09-16 17:25:28.015 | WARNING  | __main__:save_to_database:143 - Symbol VN30F1M not found in the database. Skipping.
2024-09-16 17:25:28.016 | WARNING  | __main__:save_to_database:143 - Symbol VNINDEX not found in the database. Skipping.
2024-09-16 17:25:28.028 | WARNING  | __main__:save_to_database:143 - Symbol HNXINDEX not found in the database. Skipping.
2024-09-16 17:25:28.028 | WARNING  | __main__:save_to_database:143 - Symbol UPINDEX not found in the database. Skipping.
2024-09-16 17:25:28.028 | WARNING  | __main__:save_to_database:143 - Symbol VN30F1M not found in the database. Skipping.
2024-09-16 17:25:28.029 | WARNING  | __main__:save_to_database:143 - Symbol VNINDEX not found in the database. Skipping.
2024-09-16 17:25:28.073 | SUCCESS  | __main__:save_to_database:153 - Committed 10 posts to the database
2024-09-16 17:25:28.074 | SUCCESS  | __main__:make_api_calls:172 - Retrieved and saved 10 posts. Total: 1610
2024-09-16 17:25:30.270 | WARNING  | __main__:save_to_database:143 - Symbol US.VFS not found in the database. Skipping.
2024-09-16 17:25:30.290 | WARNING  | __main__:save_to_database:143 - Symbol HNXINDEX not found in the database. Skipping.
2024-09-16 17:25:30.291 | WARNING  | __main__:save_to_database:143 - Symbol UPINDEX not found in the database. Skipping.
2024-09-16 17:25:30.291 | WARNING  | __main__:save_to_database:143 - Symbol VN30F1M not found in the database. Skipping.
2024-09-16 17:25:30.291 | WARNING  | __main__:save_to_database:143 - Symbol VNINDEX not found in the database. Skipping.
2024-09-16 17:25:30.301 | WARNING  | __main__:save_to_database:143 - Symbol HNXINDEX not found in the database. Skipping.
2024-09-16 17:25:30.301 | WARNING  | __main__:save_to_database:143 - Symbol UPINDEX not found in the database. Skipping.
2024-09-16 17:25:30.302 | WARNING  | __main__:save_to_database:143 - Symbol VN30F1M not found in the database. Skipping.
2024-09-16 17:25:30.302 | WARNING  | __main__:save_to_database:143 - Symbol VNINDEX not found in the database. Skipping.
2024-09-16 17:25:30.380 | SUCCESS  | __main__:save_to_database:153 - Committed 10 posts to the database
2024-09-16 17:25:30.381 | SUCCESS  | __main__:make_api_calls:172 - Retrieved and saved 10 posts. Total: 1620
2024-09-16 17:25:34.165 | SUCCESS  | __main__:save_to_database:153 - Committed 10 posts to the database
2024-09-16 17:25:34.166 | SUCCESS  | __main__:make_api_calls:172 - Retrieved and saved 10 posts. Total: 1630
2024-09-16 17:25:37.232 | SUCCESS  | __main__:save_to_database:153 - Committed 10 posts to the database
2024-09-16 17:25:37.233 | SUCCESS  | __main__:make_api_calls:172 - Retrieved and saved 10 posts. Total: 1640
2024-09-16 17:25:39.015 | SUCCESS  | __main__:save_to_database:153 - Committed 10 posts to the database
2024-09-16 17:25:39.016 | SUCCESS  | __main__:make_api_calls:172 - Retrieved and saved 10 posts. Total: 1650
2024-09-16 17:25:43.176 | SUCCESS  | __main__:save_to_database:153 - Committed 10 posts to the database
2024-09-16 17:25:43.178 | SUCCESS  | __main__:make_api_calls:172 - Retrieved and saved 10 posts. Total: 1660
2024-09-16 17:25:47.213 | WARNING  | __main__:save_to_database:143 - Symbol HNX30 not found in the database. Skipping.
2024-09-16 17:25:47.214 | WARNING  | __main__:save_to_database:143 - Symbol HNXINDEX not found in the database. Skipping.
2024-09-16 17:25:47.214 | WARNING  | __main__:save_to_database:143 - Symbol UPINDEX not found in the database. Skipping.
2024-09-16 17:25:47.215 | WARNING  | __main__:save_to_database:143 - Symbol VN30 not found in the database. Skipping.
2024-09-16 17:25:47.216 | WARNING  | __main__:save_to_database:143 - Symbol VNINDEX not found in the database. Skipping.
2024-09-16 17:25:47.319 | SUCCESS  | __main__:save_to_database:153 - Committed 10 posts to the database
2024-09-16 17:25:47.320 | SUCCESS  | __main__:make_api_calls:172 - Retrieved and saved 10 posts. Total: 1670
2024-09-16 17:25:51.845 | SUCCESS  | __main__:save_to_database:153 - Committed 10 posts to the database
2024-09-16 17:25:51.847 | SUCCESS  | __main__:make_api_calls:172 - Retrieved and saved 10 posts. Total: 1680
2024-09-16 17:25:55.155 | SUCCESS  | __main__:save_to_database:153 - Committed 10 posts to the database
2024-09-16 17:25:55.156 | SUCCESS  | __main__:make_api_calls:172 - Retrieved and saved 10 posts. Total: 1690
2024-09-16 17:25:58.709 | SUCCESS  | __main__:save_to_database:153 - Committed 10 posts to the database
2024-09-16 17:25:58.710 | SUCCESS  | __main__:make_api_calls:172 - Retrieved and saved 10 posts. Total: 1700
2024-09-16 17:26:00.930 | WARNING  | __main__:save_to_database:143 - Symbol HNXINDEX not found in the database. Skipping.
2024-09-16 17:26:00.930 | WARNING  | __main__:save_to_database:143 - Symbol UPINDEX not found in the database. Skipping.
2024-09-16 17:26:00.931 | WARNING  | __main__:save_to_database:143 - Symbol VNINDEX not found in the database. Skipping.
2024-09-16 17:26:00.993 | SUCCESS  | __main__:save_to_database:153 - Committed 10 posts to the database
2024-09-16 17:26:00.995 | SUCCESS  | __main__:make_api_calls:172 - Retrieved and saved 10 posts. Total: 1710
2024-09-16 17:26:03.059 | SUCCESS  | __main__:save_to_database:153 - Committed 10 posts to the database
2024-09-16 17:26:03.060 | SUCCESS  | __main__:make_api_calls:172 - Retrieved and saved 10 posts. Total: 1720
2024-09-16 17:26:07.679 | WARNING  | __main__:save_to_database:143 - Symbol ^HSI not found in the database. Skipping.
2024-09-16 17:26:07.680 | WARNING  | __main__:save_to_database:143 - Symbol ^KS11 not found in the database. Skipping.
2024-09-16 17:26:07.680 | WARNING  | __main__:save_to_database:143 - Symbol ^N225 not found in the database. Skipping.
2024-09-16 17:26:07.680 | WARNING  | __main__:save_to_database:143 - Symbol BZ=F not found in the database. Skipping.
2024-09-16 17:26:07.681 | WARNING  | __main__:save_to_database:143 - Symbol CL=F not found in the database. Skipping.
2024-09-16 17:26:07.681 | WARNING  | __main__:save_to_database:143 - Symbol GC=F not found in the database. Skipping.
2024-09-16 17:26:07.681 | WARNING  | __main__:save_to_database:143 - Symbol SI=F not found in the database. Skipping.
2024-09-16 17:26:07.682 | WARNING  | __main__:save_to_database:143 - Symbol VNINDEX not found in the database. Skipping.
2024-09-16 17:26:07.720 | SUCCESS  | __main__:save_to_database:153 - Committed 10 posts to the database
2024-09-16 17:26:07.721 | SUCCESS  | __main__:make_api_calls:172 - Retrieved and saved 10 posts. Total: 1730
2024-09-16 17:26:11.463 | SUCCESS  | __main__:save_to_database:153 - Committed 10 posts to the database
2024-09-16 17:26:11.464 | SUCCESS  | __main__:make_api_calls:172 - Retrieved and saved 10 posts. Total: 1740
2024-09-16 17:26:15.638 | WARNING  | __main__:save_to_database:143 - Symbol HNXINDEX not found in the database. Skipping.
2024-09-16 17:26:15.638 | WARNING  | __main__:save_to_database:143 - Symbol UPINDEX not found in the database. Skipping.
2024-09-16 17:26:15.638 | WARNING  | __main__:save_to_database:143 - Symbol VN30F1M not found in the database. Skipping.
2024-09-16 17:26:15.639 | WARNING  | __main__:save_to_database:143 - Symbol VNINDEX not found in the database. Skipping.
2024-09-16 17:26:15.680 | WARNING  | __main__:save_to_database:143 - Symbol VN30 not found in the database. Skipping.
2024-09-16 17:26:15.681 | WARNING  | __main__:save_to_database:143 - Symbol VNINDEX not found in the database. Skipping.
2024-09-16 17:26:15.731 | SUCCESS  | __main__:save_to_database:153 - Committed 10 posts to the database
2024-09-16 17:26:15.733 | SUCCESS  | __main__:make_api_calls:172 - Retrieved and saved 10 posts. Total: 1750
2024-09-16 17:26:18.316 | WARNING  | __main__:save_to_database:143 - Symbol GC=F not found in the database. Skipping.
2024-09-16 17:26:18.430 | SUCCESS  | __main__:save_to_database:153 - Committed 10 posts to the database
2024-09-16 17:26:18.431 | SUCCESS  | __main__:make_api_calls:172 - Retrieved and saved 10 posts. Total: 1760
2024-09-16 17:26:22.978 | WARNING  | __main__:save_to_database:143 - Symbol HNX30 not found in the database. Skipping.
2024-09-16 17:26:22.979 | WARNING  | __main__:save_to_database:143 - Symbol HNXINDEX not found in the database. Skipping.
2024-09-16 17:26:22.979 | WARNING  | __main__:save_to_database:143 - Symbol UPINDEX not found in the database. Skipping.
2024-09-16 17:26:22.979 | WARNING  | __main__:save_to_database:143 - Symbol VN30 not found in the database. Skipping.
2024-09-16 17:26:22.979 | WARNING  | __main__:save_to_database:143 - Symbol VNINDEX not found in the database. Skipping.
2024-09-16 17:26:23.009 | WARNING  | __main__:save_to_database:143 - Symbol GC=F not found in the database. Skipping.
2024-09-16 17:26:23.066 | SUCCESS  | __main__:save_to_database:153 - Committed 10 posts to the database
2024-09-16 17:26:23.067 | SUCCESS  | __main__:make_api_calls:172 - Retrieved and saved 10 posts. Total: 1770
2024-09-16 17:26:25.674 | WARNING  | __main__:save_to_database:143 - Symbol HNXINDEX not found in the database. Skipping.
2024-09-16 17:26:25.675 | WARNING  | __main__:save_to_database:143 - Symbol UPINDEX not found in the database. Skipping.
2024-09-16 17:26:25.675 | WARNING  | __main__:save_to_database:143 - Symbol VN30F1M not found in the database. Skipping.
2024-09-16 17:26:25.676 | WARNING  | __main__:save_to_database:143 - Symbol VNINDEX not found in the database. Skipping.
2024-09-16 17:26:25.803 | SUCCESS  | __main__:save_to_database:153 - Committed 10 posts to the database
2024-09-16 17:26:25.804 | SUCCESS  | __main__:make_api_calls:172 - Retrieved and saved 10 posts. Total: 1780
2024-09-16 17:26:27.185 | SUCCESS  | __main__:save_to_database:153 - Committed 10 posts to the database
2024-09-16 17:26:27.186 | SUCCESS  | __main__:make_api_calls:172 - Retrieved and saved 10 posts. Total: 1790
2024-09-16 17:26:28.787 | WARNING  | __main__:save_to_database:143 - Symbol VN30 not found in the database. Skipping.
2024-09-16 17:26:28.920 | SUCCESS  | __main__:save_to_database:153 - Committed 10 posts to the database
2024-09-16 17:26:28.921 | SUCCESS  | __main__:make_api_calls:172 - Retrieved and saved 10 posts. Total: 1800
2024-09-16 17:26:32.919 | WARNING  | __main__:save_to_database:143 - Symbol VNINDEX not found in the database. Skipping.
2024-09-16 17:26:33.046 | SUCCESS  | __main__:save_to_database:153 - Committed 10 posts to the database
2024-09-16 17:26:33.047 | SUCCESS  | __main__:make_api_calls:172 - Retrieved and saved 10 posts. Total: 1810
2024-09-16 17:26:34.924 | WARNING  | __main__:save_to_database:143 - Symbol US.VFS not found in the database. Skipping.
2024-09-16 17:26:35.097 | SUCCESS  | __main__:save_to_database:153 - Committed 10 posts to the database
2024-09-16 17:26:35.098 | SUCCESS  | __main__:make_api_calls:172 - Retrieved and saved 10 posts. Total: 1820
2024-09-16 17:26:36.804 | WARNING  | __main__:save_to_database:143 - Symbol HNXINDEX not found in the database. Skipping.
2024-09-16 17:26:36.804 | WARNING  | __main__:save_to_database:143 - Symbol UPINDEX not found in the database. Skipping.
2024-09-16 17:26:36.805 | WARNING  | __main__:save_to_database:143 - Symbol VN30F1M not found in the database. Skipping.
2024-09-16 17:26:36.805 | WARNING  | __main__:save_to_database:143 - Symbol VNINDEX not found in the database. Skipping.
2024-09-16 17:26:36.862 | SUCCESS  | __main__:save_to_database:153 - Committed 10 posts to the database
2024-09-16 17:26:36.864 | SUCCESS  | __main__:make_api_calls:172 - Retrieved and saved 10 posts. Total: 1830
2024-09-16 17:26:39.329 | WARNING  | __main__:save_to_database:143 - Symbol VNINDEX not found in the database. Skipping.
2024-09-16 17:26:39.365 | SUCCESS  | __main__:save_to_database:153 - Committed 10 posts to the database
2024-09-16 17:26:39.366 | SUCCESS  | __main__:make_api_calls:172 - Retrieved and saved 10 posts. Total: 1840
2024-09-16 17:26:44.186 | WARNING  | __main__:save_to_database:143 - Symbol GC=F not found in the database. Skipping.
2024-09-16 17:26:44.200 | WARNING  | __main__:save_to_database:143 - Symbol KCEU23 not found in the database. Skipping.
2024-09-16 17:26:44.201 | WARNING  | __main__:save_to_database:143 - Symbol LRCH23 not found in the database. Skipping.
2024-09-16 17:26:44.225 | SUCCESS  | __main__:save_to_database:153 - Committed 10 posts to the database
2024-09-16 17:26:44.226 | SUCCESS  | __main__:make_api_calls:172 - Retrieved and saved 10 posts. Total: 1850
2024-09-16 17:26:48.900 | SUCCESS  | __main__:save_to_database:153 - Committed 10 posts to the database
2024-09-16 17:26:48.901 | SUCCESS  | __main__:make_api_calls:172 - Retrieved and saved 10 posts. Total: 1860
2024-09-16 17:26:53.521 | WARNING  | __main__:save_to_database:143 - Symbol BZ=F not found in the database. Skipping.
2024-09-16 17:26:53.522 | WARNING  | __main__:save_to_database:143 - Symbol CL=F not found in the database. Skipping.
2024-09-16 17:26:53.522 | WARNING  | __main__:save_to_database:143 - Symbol SI=F not found in the database. Skipping.
2024-09-16 17:26:53.570 | SUCCESS  | __main__:save_to_database:153 - Committed 10 posts to the database
2024-09-16 17:26:53.571 | SUCCESS  | __main__:make_api_calls:172 - Retrieved and saved 10 posts. Total: 1870
2024-09-16 17:26:56.294 | SUCCESS  | __main__:save_to_database:153 - Committed 10 posts to the database
2024-09-16 17:26:56.295 | SUCCESS  | __main__:make_api_calls:172 - Retrieved and saved 10 posts. Total: 1880
2024-09-16 17:26:57.637 | SUCCESS  | __main__:save_to_database:153 - Committed 10 posts to the database
2024-09-16 17:26:57.638 | SUCCESS  | __main__:make_api_calls:172 - Retrieved and saved 10 posts. Total: 1890
2024-09-16 17:26:59.346 | SUCCESS  | __main__:save_to_database:153 - Committed 10 posts to the database
2024-09-16 17:26:59.347 | SUCCESS  | __main__:make_api_calls:172 - Retrieved and saved 10 posts. Total: 1900
2024-09-16 17:27:01.407 | WARNING  | __main__:save_to_database:143 - Symbol HNX30 not found in the database. Skipping.
2024-09-16 17:27:01.407 | WARNING  | __main__:save_to_database:143 - Symbol HNXINDEX not found in the database. Skipping.
2024-09-16 17:27:01.408 | WARNING  | __main__:save_to_database:143 - Symbol UPINDEX not found in the database. Skipping.
2024-09-16 17:27:01.408 | WARNING  | __main__:save_to_database:143 - Symbol VN30 not found in the database. Skipping.
2024-09-16 17:27:01.408 | WARNING  | __main__:save_to_database:143 - Symbol VNINDEX not found in the database. Skipping.
2024-09-16 17:27:01.466 | SUCCESS  | __main__:save_to_database:153 - Committed 10 posts to the database
2024-09-16 17:27:01.467 | SUCCESS  | __main__:make_api_calls:172 - Retrieved and saved 10 posts. Total: 1910
2024-09-16 17:27:03.634 | WARNING  | __main__:save_to_database:143 - Symbol VNINDEX not found in the database. Skipping.
2024-09-16 17:27:03.689 | SUCCESS  | __main__:save_to_database:153 - Committed 10 posts to the database
2024-09-16 17:27:03.690 | SUCCESS  | __main__:make_api_calls:172 - Retrieved and saved 10 posts. Total: 1920
2024-09-16 17:27:06.668 | WARNING  | __main__:save_to_database:143 - Symbol ^DJI not found in the database. Skipping.
2024-09-16 17:27:06.669 | WARNING  | __main__:save_to_database:143 - Symbol ^GSPC not found in the database. Skipping.
2024-09-16 17:27:06.669 | WARNING  | __main__:save_to_database:143 - Symbol ^IXIC not found in the database. Skipping.
2024-09-16 17:27:06.669 | WARNING  | __main__:save_to_database:143 - Symbol BZ=F not found in the database. Skipping.
2024-09-16 17:27:06.686 | WARNING  | __main__:save_to_database:143 - Symbol USD-VND not found in the database. Skipping.
2024-09-16 17:27:06.716 | WARNING  | __main__:save_to_database:143 - Symbol HNXINDEX not found in the database. Skipping.
2024-09-16 17:27:06.717 | WARNING  | __main__:save_to_database:143 - Symbol UPINDEX not found in the database. Skipping.
2024-09-16 17:27:06.717 | WARNING  | __main__:save_to_database:143 - Symbol VNINDEX not found in the database. Skipping.
2024-09-16 17:27:06.727 | WARNING  | __main__:save_to_database:143 - Symbol BZ=F not found in the database. Skipping.
2024-09-16 17:27:06.727 | WARNING  | __main__:save_to_database:143 - Symbol CL=F not found in the database. Skipping.
2024-09-16 17:27:06.728 | WARNING  | __main__:save_to_database:143 - Symbol SI=F not found in the database. Skipping.
2024-09-16 17:27:06.757 | SUCCESS  | __main__:save_to_database:153 - Committed 10 posts to the database
2024-09-16 17:27:06.758 | SUCCESS  | __main__:make_api_calls:172 - Retrieved and saved 10 posts. Total: 1930
2024-09-16 17:27:11.958 | SUCCESS  | __main__:save_to_database:153 - Committed 10 posts to the database
2024-09-16 17:27:11.960 | SUCCESS  | __main__:make_api_calls:172 - Retrieved and saved 10 posts. Total: 1940
2024-09-16 17:27:14.755 | WARNING  | __main__:save_to_database:143 - Symbol HNXINDEX not found in the database. Skipping.
2024-09-16 17:27:14.756 | WARNING  | __main__:save_to_database:143 - Symbol UPINDEX not found in the database. Skipping.
2024-09-16 17:27:14.756 | WARNING  | __main__:save_to_database:143 - Symbol VNINDEX not found in the database. Skipping.
2024-09-16 17:27:14.775 | WARNING  | __main__:save_to_database:143 - Symbol HNXINDEX not found in the database. Skipping.
2024-09-16 17:27:14.776 | WARNING  | __main__:save_to_database:143 - Symbol UPINDEX not found in the database. Skipping.
2024-09-16 17:27:14.776 | WARNING  | __main__:save_to_database:143 - Symbol VNINDEX not found in the database. Skipping.
2024-09-16 17:27:14.862 | SUCCESS  | __main__:save_to_database:153 - Committed 10 posts to the database
2024-09-16 17:27:14.864 | SUCCESS  | __main__:make_api_calls:172 - Retrieved and saved 10 posts. Total: 1950
2024-09-16 17:27:17.673 | SUCCESS  | __main__:save_to_database:153 - Committed 10 posts to the database
2024-09-16 17:27:17.674 | SUCCESS  | __main__:make_api_calls:172 - Retrieved and saved 10 posts. Total: 1960
2024-09-16 17:27:21.921 | SUCCESS  | __main__:save_to_database:153 - Committed 10 posts to the database
2024-09-16 17:27:21.922 | SUCCESS  | __main__:make_api_calls:172 - Retrieved and saved 10 posts. Total: 1970
2024-09-16 17:27:23.908 | SUCCESS  | __main__:save_to_database:153 - Committed 10 posts to the database
2024-09-16 17:27:23.909 | SUCCESS  | __main__:make_api_calls:172 - Retrieved and saved 10 posts. Total: 1980
2024-09-16 17:27:28.049 | WARNING  | __main__:save_to_database:143 - Symbol HNXINDEX not found in the database. Skipping.
2024-09-16 17:27:28.049 | WARNING  | __main__:save_to_database:143 - Symbol UPINDEX not found in the database. Skipping.
2024-09-16 17:27:28.049 | WARNING  | __main__:save_to_database:143 - Symbol VNINDEX not found in the database. Skipping.
2024-09-16 17:27:28.117 | SUCCESS  | __main__:save_to_database:153 - Committed 10 posts to the database
2024-09-16 17:27:28.118 | SUCCESS  | __main__:make_api_calls:172 - Retrieved and saved 10 posts. Total: 1990
2024-09-16 17:27:33.017 | SUCCESS  | __main__:save_to_database:153 - Committed 10 posts to the database
2024-09-16 17:27:33.018 | SUCCESS  | __main__:make_api_calls:172 - Retrieved and saved 10 posts. Total: 2000
2024-09-16 17:27:37.721 | SUCCESS  | __main__:save_to_database:153 - Committed 10 posts to the database
2024-09-16 17:27:37.722 | SUCCESS  | __main__:make_api_calls:172 - Retrieved and saved 10 posts. Total: 2010
2024-09-16 17:27:41.131 | SUCCESS  | __main__:save_to_database:153 - Committed 10 posts to the database
2024-09-16 17:27:41.132 | SUCCESS  | __main__:make_api_calls:172 - Retrieved and saved 10 posts. Total: 2020
2024-09-16 17:27:44.320 | WARNING  | __main__:save_to_database:143 - Symbol HNXINDEX not found in the database. Skipping.
2024-09-16 17:27:44.320 | WARNING  | __main__:save_to_database:143 - Symbol UPINDEX not found in the database. Skipping.
2024-09-16 17:27:44.320 | WARNING  | __main__:save_to_database:143 - Symbol VN30F1M not found in the database. Skipping.
2024-09-16 17:27:44.321 | WARNING  | __main__:save_to_database:143 - Symbol VNINDEX not found in the database. Skipping.
2024-09-16 17:27:44.340 | WARNING  | __main__:save_to_database:143 - Symbol VNINDEX not found in the database. Skipping.
2024-09-16 17:27:44.629 | SUCCESS  | __main__:save_to_database:153 - Committed 10 posts to the database
2024-09-16 17:27:44.630 | SUCCESS  | __main__:make_api_calls:172 - Retrieved and saved 10 posts. Total: 2030
2024-09-16 17:27:47.825 | SUCCESS  | __main__:save_to_database:153 - Committed 10 posts to the database
2024-09-16 17:27:47.826 | SUCCESS  | __main__:make_api_calls:172 - Retrieved and saved 10 posts. Total: 2040
2024-09-16 17:27:49.809 | WARNING  | __main__:save_to_database:143 - Symbol HNXINDEX not found in the database. Skipping.
2024-09-16 17:27:49.810 | WARNING  | __main__:save_to_database:143 - Symbol UPINDEX not found in the database. Skipping.
2024-09-16 17:27:49.810 | WARNING  | __main__:save_to_database:143 - Symbol VN30F1M not found in the database. Skipping.
2024-09-16 17:27:49.810 | WARNING  | __main__:save_to_database:143 - Symbol VNINDEX not found in the database. Skipping.
2024-09-16 17:27:49.913 | SUCCESS  | __main__:save_to_database:153 - Committed 10 posts to the database
2024-09-16 17:27:49.914 | SUCCESS  | __main__:make_api_calls:172 - Retrieved and saved 10 posts. Total: 2050
2024-09-16 17:27:52.107 | WARNING  | __main__:save_to_database:143 - Symbol VNINDEX not found in the database. Skipping.
2024-09-16 17:27:52.218 | SUCCESS  | __main__:save_to_database:153 - Committed 10 posts to the database
2024-09-16 17:27:52.219 | SUCCESS  | __main__:make_api_calls:172 - Retrieved and saved 10 posts. Total: 2060
2024-09-16 17:27:55.364 | WARNING  | __main__:save_to_database:143 - Symbol GC=F not found in the database. Skipping.
2024-09-16 17:27:55.460 | SUCCESS  | __main__:save_to_database:153 - Committed 10 posts to the database
2024-09-16 17:27:55.461 | SUCCESS  | __main__:make_api_calls:172 - Retrieved and saved 10 posts. Total: 2070
2024-09-16 17:28:00.697 | SUCCESS  | __main__:save_to_database:153 - Committed 10 posts to the database
2024-09-16 17:28:00.698 | SUCCESS  | __main__:make_api_calls:172 - Retrieved and saved 10 posts. Total: 2080
2024-09-16 17:28:03.353 | WARNING  | __main__:save_to_database:143 - Symbol HNXINDEX not found in the database. Skipping.
2024-09-16 17:28:03.353 | WARNING  | __main__:save_to_database:143 - Symbol UPINDEX not found in the database. Skipping.
2024-09-16 17:28:03.354 | WARNING  | __main__:save_to_database:143 - Symbol VN30F1M not found in the database. Skipping.
2024-09-16 17:28:03.354 | WARNING  | __main__:save_to_database:143 - Symbol VNINDEX not found in the database. Skipping.
2024-09-16 17:28:03.364 | WARNING  | __main__:save_to_database:143 - Symbol HNXINDEX not found in the database. Skipping.
2024-09-16 17:28:03.364 | WARNING  | __main__:save_to_database:143 - Symbol UPINDEX not found in the database. Skipping.
2024-09-16 17:28:03.365 | WARNING  | __main__:save_to_database:143 - Symbol VN30F1M not found in the database. Skipping.
2024-09-16 17:28:03.365 | WARNING  | __main__:save_to_database:143 - Symbol VNINDEX not found in the database. Skipping.
2024-09-16 17:28:03.455 | SUCCESS  | __main__:save_to_database:153 - Committed 10 posts to the database
2024-09-16 17:28:03.456 | SUCCESS  | __main__:make_api_calls:172 - Retrieved and saved 10 posts. Total: 2090
2024-09-16 17:28:07.054 | WARNING  | __main__:save_to_database:143 - Symbol HNXINDEX not found in the database. Skipping.
2024-09-16 17:28:07.054 | WARNING  | __main__:save_to_database:143 - Symbol UPINDEX not found in the database. Skipping.
2024-09-16 17:28:07.055 | WARNING  | __main__:save_to_database:143 - Symbol VNINDEX not found in the database. Skipping.
2024-09-16 17:28:07.116 | SUCCESS  | __main__:save_to_database:153 - Committed 10 posts to the database
2024-09-16 17:28:07.117 | SUCCESS  | __main__:make_api_calls:172 - Retrieved and saved 10 posts. Total: 2100
2024-09-16 17:28:10.158 | SUCCESS  | __main__:save_to_database:153 - Committed 10 posts to the database
2024-09-16 17:28:10.159 | SUCCESS  | __main__:make_api_calls:172 - Retrieved and saved 10 posts. Total: 2110
2024-09-16 17:28:13.901 | WARNING  | __main__:save_to_database:143 - Symbol HNXINDEX not found in the database. Skipping.
2024-09-16 17:28:13.901 | WARNING  | __main__:save_to_database:143 - Symbol UPINDEX not found in the database. Skipping.
2024-09-16 17:28:13.902 | WARNING  | __main__:save_to_database:143 - Symbol VNINDEX not found in the database. Skipping.
2024-09-16 17:28:14.018 | SUCCESS  | __main__:save_to_database:153 - Committed 10 posts to the database
2024-09-16 17:28:14.019 | SUCCESS  | __main__:make_api_calls:172 - Retrieved and saved 10 posts. Total: 2120
2024-09-16 17:28:19.028 | SUCCESS  | __main__:save_to_database:153 - Committed 10 posts to the database
2024-09-16 17:28:19.029 | SUCCESS  | __main__:make_api_calls:172 - Retrieved and saved 10 posts. Total: 2130
2024-09-16 17:28:23.280 | SUCCESS  | __main__:save_to_database:153 - Committed 10 posts to the database
2024-09-16 17:28:23.281 | SUCCESS  | __main__:make_api_calls:172 - Retrieved and saved 10 posts. Total: 2140
2024-09-16 17:28:26.727 | SUCCESS  | __main__:save_to_database:153 - Committed 10 posts to the database
2024-09-16 17:28:26.728 | SUCCESS  | __main__:make_api_calls:172 - Retrieved and saved 10 posts. Total: 2150
2024-09-16 17:28:29.367 | WARNING  | __main__:save_to_database:143 - Symbol HNXINDEX not found in the database. Skipping.
2024-09-16 17:28:29.368 | WARNING  | __main__:save_to_database:143 - Symbol UPINDEX not found in the database. Skipping.
2024-09-16 17:28:29.368 | WARNING  | __main__:save_to_database:143 - Symbol VN30F1M not found in the database. Skipping.
2024-09-16 17:28:29.368 | WARNING  | __main__:save_to_database:143 - Symbol VNINDEX not found in the database. Skipping.
2024-09-16 17:28:29.409 | WARNING  | __main__:save_to_database:143 - Symbol US.VFS not found in the database. Skipping.
2024-09-16 17:28:29.461 | SUCCESS  | __main__:save_to_database:153 - Committed 10 posts to the database
2024-09-16 17:28:29.463 | SUCCESS  | __main__:make_api_calls:172 - Retrieved and saved 10 posts. Total: 2160
2024-09-16 17:28:33.198 | WARNING  | __main__:save_to_database:143 - Symbol HNXINDEX not found in the database. Skipping.
2024-09-16 17:28:33.199 | WARNING  | __main__:save_to_database:143 - Symbol UPINDEX not found in the database. Skipping.
2024-09-16 17:28:33.199 | WARNING  | __main__:save_to_database:143 - Symbol VN30F1M not found in the database. Skipping.
2024-09-16 17:28:33.199 | WARNING  | __main__:save_to_database:143 - Symbol VNINDEX not found in the database. Skipping.
2024-09-16 17:28:33.288 | SUCCESS  | __main__:save_to_database:153 - Committed 10 posts to the database
2024-09-16 17:28:33.289 | SUCCESS  | __main__:make_api_calls:172 - Retrieved and saved 10 posts. Total: 2170
2024-09-16 17:28:37.073 | SUCCESS  | __main__:save_to_database:153 - Committed 10 posts to the database
2024-09-16 17:28:37.074 | SUCCESS  | __main__:make_api_calls:172 - Retrieved and saved 10 posts. Total: 2180
2024-09-16 17:28:39.045 | WARNING  | __main__:save_to_database:143 - Symbol HNX30 not found in the database. Skipping.
2024-09-16 17:28:39.046 | WARNING  | __main__:save_to_database:143 - Symbol HNXINDEX not found in the database. Skipping.
2024-09-16 17:28:39.046 | WARNING  | __main__:save_to_database:143 - Symbol UPINDEX not found in the database. Skipping.
2024-09-16 17:28:39.046 | WARNING  | __main__:save_to_database:143 - Symbol VN30 not found in the database. Skipping.
2024-09-16 17:28:39.046 | WARNING  | __main__:save_to_database:143 - Symbol VN30F1M not found in the database. Skipping.
2024-09-16 17:28:39.047 | WARNING  | __main__:save_to_database:143 - Symbol VNINDEX not found in the database. Skipping.
2024-09-16 17:28:39.124 | SUCCESS  | __main__:save_to_database:153 - Committed 10 posts to the database
2024-09-16 17:28:39.125 | SUCCESS  | __main__:make_api_calls:172 - Retrieved and saved 10 posts. Total: 2190
2024-09-16 17:28:41.304 | SUCCESS  | __main__:save_to_database:153 - Committed 10 posts to the database
2024-09-16 17:28:41.305 | SUCCESS  | __main__:make_api_calls:172 - Retrieved and saved 10 posts. Total: 2200
2024-09-16 17:28:44.466 | WARNING  | __main__:save_to_database:143 - Symbol HNX30 not found in the database. Skipping.
2024-09-16 17:28:44.467 | WARNING  | __main__:save_to_database:143 - Symbol HNXINDEX not found in the database. Skipping.
2024-09-16 17:28:44.467 | WARNING  | __main__:save_to_database:143 - Symbol UPINDEX not found in the database. Skipping.
2024-09-16 17:28:44.467 | WARNING  | __main__:save_to_database:143 - Symbol VN30 not found in the database. Skipping.
2024-09-16 17:28:44.468 | WARNING  | __main__:save_to_database:143 - Symbol VNINDEX not found in the database. Skipping.
2024-09-16 17:28:44.593 | SUCCESS  | __main__:save_to_database:153 - Committed 10 posts to the database
2024-09-16 17:28:44.594 | SUCCESS  | __main__:make_api_calls:172 - Retrieved and saved 10 posts. Total: 2210
2024-09-16 17:28:49.543 | SUCCESS  | __main__:save_to_database:153 - Committed 10 posts to the database
2024-09-16 17:28:49.545 | SUCCESS  | __main__:make_api_calls:172 - Retrieved and saved 10 posts. Total: 2220
2024-09-16 17:28:52.945 | SUCCESS  | __main__:save_to_database:153 - Committed 10 posts to the database
2024-09-16 17:28:52.946 | SUCCESS  | __main__:make_api_calls:172 - Retrieved and saved 10 posts. Total: 2230
2024-09-16 17:28:54.712 | WARNING  | __main__:save_to_database:143 - Symbol HNXINDEX not found in the database. Skipping.
2024-09-16 17:28:54.712 | WARNING  | __main__:save_to_database:143 - Symbol UPINDEX not found in the database. Skipping.
2024-09-16 17:28:54.713 | WARNING  | __main__:save_to_database:143 - Symbol VN30F1M not found in the database. Skipping.
2024-09-16 17:28:54.713 | WARNING  | __main__:save_to_database:143 - Symbol VNINDEX not found in the database. Skipping.
2024-09-16 17:28:54.779 | SUCCESS  | __main__:save_to_database:153 - Committed 10 posts to the database
2024-09-16 17:28:54.780 | SUCCESS  | __main__:make_api_calls:172 - Retrieved and saved 10 posts. Total: 2240
2024-09-16 17:28:56.831 | WARNING  | __main__:save_to_database:143 - Symbol VN30 not found in the database. Skipping.
2024-09-16 17:28:56.832 | WARNING  | __main__:save_to_database:143 - Symbol VNINDEX not found in the database. Skipping.
2024-09-16 17:28:56.902 | SUCCESS  | __main__:save_to_database:153 - Committed 10 posts to the database
2024-09-16 17:28:56.904 | SUCCESS  | __main__:make_api_calls:172 - Retrieved and saved 10 posts. Total: 2250
2024-09-16 17:29:00.844 | WARNING  | __main__:save_to_database:143 - Symbol GC=F not found in the database. Skipping.
2024-09-16 17:29:00.922 | SUCCESS  | __main__:save_to_database:153 - Committed 10 posts to the database
2024-09-16 17:29:00.923 | SUCCESS  | __main__:make_api_calls:172 - Retrieved and saved 10 posts. Total: 2260
2024-09-16 17:29:03.166 | SUCCESS  | __main__:save_to_database:153 - Committed 10 posts to the database
2024-09-16 17:29:03.166 | SUCCESS  | __main__:make_api_calls:172 - Retrieved and saved 10 posts. Total: 2270
2024-09-16 17:29:05.359 | SUCCESS  | __main__:save_to_database:153 - Committed 10 posts to the database
2024-09-16 17:29:05.360 | SUCCESS  | __main__:make_api_calls:172 - Retrieved and saved 10 posts. Total: 2280
2024-09-16 17:29:07.909 | SUCCESS  | __main__:save_to_database:153 - Committed 10 posts to the database
2024-09-16 17:29:07.910 | SUCCESS  | __main__:make_api_calls:172 - Retrieved and saved 10 posts. Total: 2290
2024-09-16 17:29:10.429 | WARNING  | __main__:save_to_database:143 - Symbol VNINDEX not found in the database. Skipping.
2024-09-16 17:29:10.466 | WARNING  | __main__:save_to_database:143 - Symbol HNX30 not found in the database. Skipping.
2024-09-16 17:29:10.466 | WARNING  | __main__:save_to_database:143 - Symbol HNXINDEX not found in the database. Skipping.
2024-09-16 17:29:10.466 | WARNING  | __main__:save_to_database:143 - Symbol UPINDEX not found in the database. Skipping.
2024-09-16 17:29:10.467 | WARNING  | __main__:save_to_database:143 - Symbol VN30 not found in the database. Skipping.
2024-09-16 17:29:10.467 | WARNING  | __main__:save_to_database:143 - Symbol VNINDEX not found in the database. Skipping.
2024-09-16 17:29:10.552 | SUCCESS  | __main__:save_to_database:153 - Committed 10 posts to the database
2024-09-16 17:29:10.553 | SUCCESS  | __main__:make_api_calls:172 - Retrieved and saved 10 posts. Total: 2300
2024-09-16 17:29:15.320 | SUCCESS  | __main__:save_to_database:153 - Committed 10 posts to the database
2024-09-16 17:29:15.321 | SUCCESS  | __main__:make_api_calls:172 - Retrieved and saved 10 posts. Total: 2310
2024-09-16 17:29:17.033 | WARNING  | __main__:save_to_database:143 - Symbol ^DJI not found in the database. Skipping.
2024-09-16 17:29:17.034 | WARNING  | __main__:save_to_database:143 - Symbol ^GSPC not found in the database. Skipping.
2024-09-16 17:29:17.034 | WARNING  | __main__:save_to_database:143 - Symbol ^IXIC not found in the database. Skipping.
2024-09-16 17:29:17.144 | SUCCESS  | __main__:save_to_database:153 - Committed 10 posts to the database
2024-09-16 17:29:17.146 | SUCCESS  | __main__:make_api_calls:172 - Retrieved and saved 10 posts. Total: 2320
2024-09-16 17:29:21.324 | WARNING  | __main__:save_to_database:143 - Symbol BZ=F not found in the database. Skipping.
2024-09-16 17:29:21.324 | WARNING  | __main__:save_to_database:143 - Symbol CL=F not found in the database. Skipping.
2024-09-16 17:29:21.324 | WARNING  | __main__:save_to_database:143 - Symbol SI=F not found in the database. Skipping.
2024-09-16 17:29:21.350 | WARNING  | __main__:save_to_database:143 - Symbol GC=F not found in the database. Skipping.
2024-09-16 17:29:21.362 | WARNING  | __main__:save_to_database:143 - Symbol USD-VND not found in the database. Skipping.
2024-09-16 17:29:21.388 | WARNING  | __main__:save_to_database:143 - Symbol GC=F not found in the database. Skipping.
2024-09-16 17:29:21.439 | SUCCESS  | __main__:save_to_database:153 - Committed 10 posts to the database
2024-09-16 17:29:21.440 | SUCCESS  | __main__:make_api_calls:172 - Retrieved and saved 10 posts. Total: 2330
2024-09-16 17:29:25.665 | WARNING  | __main__:save_to_database:143 - Symbol HNXINDEX not found in the database. Skipping.
2024-09-16 17:29:25.665 | WARNING  | __main__:save_to_database:143 - Symbol UPINDEX not found in the database. Skipping.
2024-09-16 17:29:25.666 | WARNING  | __main__:save_to_database:143 - Symbol VNINDEX not found in the database. Skipping.
2024-09-16 17:29:25.704 | SUCCESS  | __main__:save_to_database:153 - Committed 10 posts to the database
2024-09-16 17:29:25.705 | SUCCESS  | __main__:make_api_calls:172 - Retrieved and saved 10 posts. Total: 2340
2024-09-16 17:29:29.150 | SUCCESS  | __main__:save_to_database:153 - Committed 10 posts to the database
2024-09-16 17:29:29.151 | SUCCESS  | __main__:make_api_calls:172 - Retrieved and saved 10 posts. Total: 2350
2024-09-16 17:29:31.976 | SUCCESS  | __main__:save_to_database:153 - Committed 10 posts to the database
2024-09-16 17:29:31.977 | SUCCESS  | __main__:make_api_calls:172 - Retrieved and saved 10 posts. Total: 2360
2024-09-16 17:29:35.419 | SUCCESS  | __main__:save_to_database:153 - Committed 10 posts to the database
2024-09-16 17:29:35.420 | SUCCESS  | __main__:make_api_calls:172 - Retrieved and saved 10 posts. Total: 2370
2024-09-16 17:29:37.482 | WARNING  | __main__:save_to_database:143 - Symbol VNINDEX not found in the database. Skipping.
2024-09-16 17:29:37.501 | WARNING  | __main__:save_to_database:143 - Symbol HNXINDEX not found in the database. Skipping.
2024-09-16 17:29:37.501 | WARNING  | __main__:save_to_database:143 - Symbol UPINDEX not found in the database. Skipping.
2024-09-16 17:29:37.502 | WARNING  | __main__:save_to_database:143 - Symbol VNINDEX not found in the database. Skipping.
2024-09-16 17:29:37.594 | SUCCESS  | __main__:save_to_database:153 - Committed 10 posts to the database
2024-09-16 17:29:37.595 | SUCCESS  | __main__:make_api_calls:172 - Retrieved and saved 10 posts. Total: 2380
2024-09-16 17:29:40.351 | WARNING  | __main__:save_to_database:143 - Symbol GC=F not found in the database. Skipping.
2024-09-16 17:29:40.384 | WARNING  | __main__:save_to_database:143 - Symbol HNXINDEX not found in the database. Skipping.
2024-09-16 17:29:40.384 | WARNING  | __main__:save_to_database:143 - Symbol UPINDEX not found in the database. Skipping.
2024-09-16 17:29:40.384 | WARNING  | __main__:save_to_database:143 - Symbol VN30F1M not found in the database. Skipping.
2024-09-16 17:29:40.385 | WARNING  | __main__:save_to_database:143 - Symbol VNINDEX not found in the database. Skipping.
2024-09-16 17:29:40.833 | SUCCESS  | __main__:save_to_database:153 - Committed 10 posts to the database
2024-09-16 17:29:40.834 | SUCCESS  | __main__:make_api_calls:172 - Retrieved and saved 10 posts. Total: 2390
2024-09-16 17:29:42.959 | WARNING  | __main__:save_to_database:143 - Symbol VNINDEX not found in the database. Skipping.
2024-09-16 17:29:42.975 | WARNING  | __main__:save_to_database:143 - Symbol HNXINDEX not found in the database. Skipping.
2024-09-16 17:29:42.975 | WARNING  | __main__:save_to_database:143 - Symbol UPINDEX not found in the database. Skipping.
2024-09-16 17:29:42.976 | WARNING  | __main__:save_to_database:143 - Symbol VN30F1M not found in the database. Skipping.
2024-09-16 17:29:42.976 | WARNING  | __main__:save_to_database:143 - Symbol VNINDEX not found in the database. Skipping.
2024-09-16 17:29:42.988 | WARNING  | __main__:save_to_database:143 - Symbol HNXINDEX not found in the database. Skipping.
2024-09-16 17:29:42.988 | WARNING  | __main__:save_to_database:143 - Symbol UPINDEX not found in the database. Skipping.
2024-09-16 17:29:42.989 | WARNING  | __main__:save_to_database:143 - Symbol VN30F1M not found in the database. Skipping.
2024-09-16 17:29:42.991 | WARNING  | __main__:save_to_database:143 - Symbol VNINDEX not found in the database. Skipping.
2024-09-16 17:29:43.053 | SUCCESS  | __main__:save_to_database:153 - Committed 10 posts to the database
2024-09-16 17:29:43.055 | SUCCESS  | __main__:make_api_calls:172 - Retrieved and saved 10 posts. Total: 2400
2024-09-16 17:29:47.797 | WARNING  | __main__:save_to_database:143 - Symbol KCEU23 not found in the database. Skipping.
2024-09-16 17:29:47.798 | WARNING  | __main__:save_to_database:143 - Symbol LRCK23 not found in the database. Skipping.
2024-09-16 17:29:47.907 | SUCCESS  | __main__:save_to_database:153 - Committed 10 posts to the database
2024-09-16 17:29:47.908 | SUCCESS  | __main__:make_api_calls:172 - Retrieved and saved 10 posts. Total: 2410
2024-09-16 17:29:52.599 | WARNING  | __main__:save_to_database:143 - Symbol HNXINDEX not found in the database. Skipping.
2024-09-16 17:29:52.600 | WARNING  | __main__:save_to_database:143 - Symbol UPINDEX not found in the database. Skipping.
2024-09-16 17:29:52.600 | WARNING  | __main__:save_to_database:143 - Symbol VN30F1M not found in the database. Skipping.
2024-09-16 17:29:52.600 | WARNING  | __main__:save_to_database:143 - Symbol VNINDEX not found in the database. Skipping.
2024-09-16 17:29:52.733 | SUCCESS  | __main__:save_to_database:153 - Committed 10 posts to the database
2024-09-16 17:29:52.734 | SUCCESS  | __main__:make_api_calls:172 - Retrieved and saved 10 posts. Total: 2420
2024-09-16 17:29:57.134 | SUCCESS  | __main__:save_to_database:153 - Committed 10 posts to the database
2024-09-16 17:29:57.135 | SUCCESS  | __main__:make_api_calls:172 - Retrieved and saved 10 posts. Total: 2430
2024-09-16 17:29:58.742 | SUCCESS  | __main__:save_to_database:153 - Committed 10 posts to the database
2024-09-16 17:29:58.743 | SUCCESS  | __main__:make_api_calls:172 - Retrieved and saved 10 posts. Total: 2440
2024-09-16 17:30:00.642 | WARNING  | __main__:save_to_database:143 - Symbol HNXINDEX not found in the database. Skipping.
2024-09-16 17:30:00.642 | WARNING  | __main__:save_to_database:143 - Symbol UPINDEX not found in the database. Skipping.
2024-09-16 17:30:00.643 | WARNING  | __main__:save_to_database:143 - Symbol VNINDEX not found in the database. Skipping.
2024-09-16 17:30:00.695 | SUCCESS  | __main__:save_to_database:153 - Committed 10 posts to the database
2024-09-16 17:30:00.696 | SUCCESS  | __main__:make_api_calls:172 - Retrieved and saved 10 posts. Total: 2450
2024-09-16 17:30:04.054 | SUCCESS  | __main__:save_to_database:153 - Committed 10 posts to the database
2024-09-16 17:30:04.055 | SUCCESS  | __main__:make_api_calls:172 - Retrieved and saved 10 posts. Total: 2460
2024-09-16 17:30:07.788 | SUCCESS  | __main__:save_to_database:153 - Committed 10 posts to the database
2024-09-16 17:30:07.789 | SUCCESS  | __main__:make_api_calls:172 - Retrieved and saved 10 posts. Total: 2470
2024-09-16 17:30:09.298 | SUCCESS  | __main__:save_to_database:153 - Committed 10 posts to the database
2024-09-16 17:30:09.299 | SUCCESS  | __main__:make_api_calls:172 - Retrieved and saved 10 posts. Total: 2480
2024-09-16 17:30:13.421 | WARNING  | __main__:save_to_database:143 - Symbol HNXINDEX not found in the database. Skipping.
2024-09-16 17:30:13.422 | WARNING  | __main__:save_to_database:143 - Symbol UPINDEX not found in the database. Skipping.
2024-09-16 17:30:13.422 | WARNING  | __main__:save_to_database:143 - Symbol VNINDEX not found in the database. Skipping.
2024-09-16 17:30:13.465 | SUCCESS  | __main__:save_to_database:153 - Committed 10 posts to the database
2024-09-16 17:30:13.466 | SUCCESS  | __main__:make_api_calls:172 - Retrieved and saved 10 posts. Total: 2490
2024-09-16 17:30:17.558 | SUCCESS  | __main__:save_to_database:153 - Committed 10 posts to the database
2024-09-16 17:30:17.559 | SUCCESS  | __main__:make_api_calls:172 - Retrieved and saved 10 posts. Total: 2500
2024-09-16 17:30:21.159 | SUCCESS  | __main__:save_to_database:153 - Committed 10 posts to the database
2024-09-16 17:30:21.160 | SUCCESS  | __main__:make_api_calls:172 - Retrieved and saved 10 posts. Total: 2510
2024-09-16 17:30:23.150 | WARNING  | __main__:save_to_database:143 - Symbol HNXINDEX not found in the database. Skipping.
2024-09-16 17:30:23.151 | WARNING  | __main__:save_to_database:143 - Symbol UPINDEX not found in the database. Skipping.
2024-09-16 17:30:23.151 | WARNING  | __main__:save_to_database:143 - Symbol VNINDEX not found in the database. Skipping.
2024-09-16 17:30:23.185 | SUCCESS  | __main__:save_to_database:153 - Committed 10 posts to the database
2024-09-16 17:30:23.187 | SUCCESS  | __main__:make_api_calls:172 - Retrieved and saved 10 posts. Total: 2520
2024-09-16 17:30:25.630 | WARNING  | __main__:save_to_database:143 - Symbol GC=F not found in the database. Skipping.
2024-09-16 17:30:25.685 | WARNING  | __main__:save_to_database:143 - Symbol HNXINDEX not found in the database. Skipping.
2024-09-16 17:30:25.685 | WARNING  | __main__:save_to_database:143 - Symbol UPINDEX not found in the database. Skipping.
2024-09-16 17:30:25.686 | WARNING  | __main__:save_to_database:143 - Symbol VN30F1M not found in the database. Skipping.
2024-09-16 17:30:25.686 | WARNING  | __main__:save_to_database:143 - Symbol VNINDEX not found in the database. Skipping.
2024-09-16 17:30:25.738 | SUCCESS  | __main__:save_to_database:153 - Committed 10 posts to the database
2024-09-16 17:30:25.739 | SUCCESS  | __main__:make_api_calls:172 - Retrieved and saved 10 posts. Total: 2530
2024-09-16 17:30:30.157 | WARNING  | __main__:save_to_database:143 - Symbol HNXINDEX not found in the database. Skipping.
2024-09-16 17:30:30.157 | WARNING  | __main__:save_to_database:143 - Symbol UPINDEX not found in the database. Skipping.
2024-09-16 17:30:30.158 | WARNING  | __main__:save_to_database:143 - Symbol VN30F1M not found in the database. Skipping.
2024-09-16 17:30:30.158 | WARNING  | __main__:save_to_database:143 - Symbol VNINDEX not found in the database. Skipping.
2024-09-16 17:30:30.272 | SUCCESS  | __main__:save_to_database:153 - Committed 10 posts to the database
2024-09-16 17:30:30.273 | SUCCESS  | __main__:make_api_calls:172 - Retrieved and saved 10 posts. Total: 2540
2024-09-16 17:30:34.232 | SUCCESS  | __main__:save_to_database:153 - Committed 10 posts to the database
2024-09-16 17:30:34.233 | SUCCESS  | __main__:make_api_calls:172 - Retrieved and saved 10 posts. Total: 2550
2024-09-16 17:30:35.967 | WARNING  | __main__:save_to_database:143 - Symbol HNX30 not found in the database. Skipping.
2024-09-16 17:30:35.978 | WARNING  | __main__:save_to_database:143 - Symbol HNXINDEX not found in the database. Skipping.
2024-09-16 17:30:35.979 | WARNING  | __main__:save_to_database:143 - Symbol UPINDEX not found in the database. Skipping.
2024-09-16 17:30:35.979 | WARNING  | __main__:save_to_database:143 - Symbol VN30 not found in the database. Skipping.
2024-09-16 17:30:35.980 | WARNING  | __main__:save_to_database:143 - Symbol VN30F1M not found in the database. Skipping.
2024-09-16 17:30:35.980 | WARNING  | __main__:save_to_database:143 - Symbol VNINDEX not found in the database. Skipping.
2024-09-16 17:30:36.062 | SUCCESS  | __main__:save_to_database:153 - Committed 10 posts to the database
2024-09-16 17:30:36.063 | SUCCESS  | __main__:make_api_calls:172 - Retrieved and saved 10 posts. Total: 2560
2024-09-16 17:30:37.423 | WARNING  | __main__:save_to_database:143 - Symbol VNINDEX not found in the database. Skipping.
2024-09-16 17:30:37.494 | WARNING  | __main__:save_to_database:143 - Symbol HNX30 not found in the database. Skipping.
2024-09-16 17:30:37.494 | WARNING  | __main__:save_to_database:143 - Symbol HNXINDEX not found in the database. Skipping.
2024-09-16 17:30:37.495 | WARNING  | __main__:save_to_database:143 - Symbol UPINDEX not found in the database. Skipping.
2024-09-16 17:30:37.495 | WARNING  | __main__:save_to_database:143 - Symbol VN30 not found in the database. Skipping.
2024-09-16 17:30:37.495 | WARNING  | __main__:save_to_database:143 - Symbol VNINDEX not found in the database. Skipping.
2024-09-16 17:30:37.533 | SUCCESS  | __main__:save_to_database:153 - Committed 10 posts to the database
2024-09-16 17:30:37.534 | SUCCESS  | __main__:make_api_calls:172 - Retrieved and saved 10 posts. Total: 2570
2024-09-16 17:30:42.609 | SUCCESS  | __main__:save_to_database:153 - Committed 10 posts to the database
2024-09-16 17:30:42.611 | SUCCESS  | __main__:make_api_calls:172 - Retrieved and saved 10 posts. Total: 2580
2024-09-16 17:30:44.013 | WARNING  | __main__:save_to_database:143 - Symbol HNX30 not found in the database. Skipping.
2024-09-16 17:30:44.013 | WARNING  | __main__:save_to_database:143 - Symbol HNXINDEX not found in the database. Skipping.
2024-09-16 17:30:44.014 | WARNING  | __main__:save_to_database:143 - Symbol UPINDEX not found in the database. Skipping.
2024-09-16 17:30:44.014 | WARNING  | __main__:save_to_database:143 - Symbol VN30 not found in the database. Skipping.
2024-09-16 17:30:44.014 | WARNING  | __main__:save_to_database:143 - Symbol VNINDEX not found in the database. Skipping.
2024-09-16 17:30:44.036 | SUCCESS  | __main__:save_to_database:153 - Committed 10 posts to the database
2024-09-16 17:30:44.038 | SUCCESS  | __main__:make_api_calls:172 - Retrieved and saved 10 posts. Total: 2590
2024-09-16 17:30:48.109 | WARNING  | __main__:save_to_database:143 - Symbol HNXINDEX not found in the database. Skipping.
2024-09-16 17:30:48.110 | WARNING  | __main__:save_to_database:143 - Symbol UPINDEX not found in the database. Skipping.
2024-09-16 17:30:48.110 | WARNING  | __main__:save_to_database:143 - Symbol VN30F1M not found in the database. Skipping.
2024-09-16 17:30:48.110 | WARNING  | __main__:save_to_database:143 - Symbol VNINDEX not found in the database. Skipping.
2024-09-16 17:30:48.220 | SUCCESS  | __main__:save_to_database:153 - Committed 10 posts to the database
2024-09-16 17:30:48.221 | SUCCESS  | __main__:make_api_calls:172 - Retrieved and saved 10 posts. Total: 2600
2024-09-16 17:30:52.845 | WARNING  | __main__:save_to_database:143 - Symbol HNXINDEX not found in the database. Skipping.
2024-09-16 17:30:52.846 | WARNING  | __main__:save_to_database:143 - Symbol UPINDEX not found in the database. Skipping.
2024-09-16 17:30:52.846 | WARNING  | __main__:save_to_database:143 - Symbol VN30F1M not found in the database. Skipping.
2024-09-16 17:30:52.846 | WARNING  | __main__:save_to_database:143 - Symbol VNINDEX not found in the database. Skipping.
2024-09-16 17:30:52.888 | SUCCESS  | __main__:save_to_database:153 - Committed 10 posts to the database
2024-09-16 17:30:52.889 | SUCCESS  | __main__:make_api_calls:172 - Retrieved and saved 10 posts. Total: 2610
2024-09-16 17:30:56.101 | WARNING  | __main__:save_to_database:143 - Symbol ^HSI not found in the database. Skipping.
2024-09-16 17:30:56.101 | WARNING  | __main__:save_to_database:143 - Symbol ^KS11 not found in the database. Skipping.
2024-09-16 17:30:56.102 | WARNING  | __main__:save_to_database:143 - Symbol ^N225 not found in the database. Skipping.
2024-09-16 17:30:56.137 | WARNING  | __main__:save_to_database:143 - Symbol BZ=F not found in the database. Skipping.
2024-09-16 17:30:56.138 | WARNING  | __main__:save_to_database:143 - Symbol CL=F not found in the database. Skipping.
2024-09-16 17:30:56.138 | WARNING  | __main__:save_to_database:143 - Symbol SI=F not found in the database. Skipping.
2024-09-16 17:30:56.207 | SUCCESS  | __main__:save_to_database:153 - Committed 10 posts to the database
2024-09-16 17:30:56.208 | SUCCESS  | __main__:make_api_calls:172 - Retrieved and saved 10 posts. Total: 2620
2024-09-16 17:30:58.088 | WARNING  | __main__:save_to_database:143 - Symbol HNXINDEX not found in the database. Skipping.
2024-09-16 17:30:58.089 | WARNING  | __main__:save_to_database:143 - Symbol UPINDEX not found in the database. Skipping.
2024-09-16 17:30:58.089 | WARNING  | __main__:save_to_database:143 - Symbol VN30F1M not found in the database. Skipping.
2024-09-16 17:30:58.089 | WARNING  | __main__:save_to_database:143 - Symbol VNINDEX not found in the database. Skipping.
2024-09-16 17:30:58.157 | SUCCESS  | __main__:save_to_database:153 - Committed 10 posts to the database
2024-09-16 17:30:58.158 | SUCCESS  | __main__:make_api_calls:172 - Retrieved and saved 10 posts. Total: 2630
2024-09-16 17:31:00.676 | SUCCESS  | __main__:save_to_database:153 - Committed 10 posts to the database
2024-09-16 17:31:00.677 | SUCCESS  | __main__:make_api_calls:172 - Retrieved and saved 10 posts. Total: 2640
2024-09-16 17:31:05.493 | SUCCESS  | __main__:save_to_database:153 - Committed 10 posts to the database
2024-09-16 17:31:05.494 | SUCCESS  | __main__:make_api_calls:172 - Retrieved and saved 10 posts. Total: 2650
2024-09-16 17:31:10.011 | SUCCESS  | __main__:save_to_database:153 - Committed 10 posts to the database
2024-09-16 17:31:10.012 | SUCCESS  | __main__:make_api_calls:172 - Retrieved and saved 10 posts. Total: 2660
2024-09-16 17:31:12.827 | WARNING  | __main__:save_to_database:143 - Symbol USD-VND not found in the database. Skipping.
2024-09-16 17:31:12.913 | SUCCESS  | __main__:save_to_database:153 - Committed 10 posts to the database
2024-09-16 17:31:12.914 | SUCCESS  | __main__:make_api_calls:172 - Retrieved and saved 10 posts. Total: 2670
2024-09-16 17:31:17.226 | WARNING  | __main__:save_to_database:143 - Symbol GC=F not found in the database. Skipping.
2024-09-16 17:31:17.272 | SUCCESS  | __main__:save_to_database:153 - Committed 10 posts to the database
2024-09-16 17:31:17.273 | SUCCESS  | __main__:make_api_calls:172 - Retrieved and saved 10 posts. Total: 2680
2024-09-16 17:31:20.570 | WARNING  | __main__:save_to_database:143 - Symbol KCEU23 not found in the database. Skipping.
2024-09-16 17:31:20.570 | WARNING  | __main__:save_to_database:143 - Symbol LRCK23 not found in the database. Skipping.
2024-09-16 17:31:20.675 | SUCCESS  | __main__:save_to_database:153 - Committed 10 posts to the database
2024-09-16 17:31:20.676 | SUCCESS  | __main__:make_api_calls:172 - Retrieved and saved 10 posts. Total: 2690
2024-09-16 17:31:24.117 | SUCCESS  | __main__:save_to_database:153 - Committed 10 posts to the database
2024-09-16 17:31:24.118 | SUCCESS  | __main__:make_api_calls:172 - Retrieved and saved 10 posts. Total: 2700
2024-09-16 17:31:28.018 | SUCCESS  | __main__:save_to_database:153 - Committed 10 posts to the database
2024-09-16 17:31:28.019 | SUCCESS  | __main__:make_api_calls:172 - Retrieved and saved 10 posts. Total: 2710
2024-09-16 17:31:30.370 | WARNING  | __main__:save_to_database:143 - Symbol HNXINDEX not found in the database. Skipping.
2024-09-16 17:31:30.370 | WARNING  | __main__:save_to_database:143 - Symbol UPINDEX not found in the database. Skipping.
2024-09-16 17:31:30.371 | WARNING  | __main__:save_to_database:143 - Symbol VNINDEX not found in the database. Skipping.
2024-09-16 17:31:30.478 | SUCCESS  | __main__:save_to_database:153 - Committed 10 posts to the database
2024-09-16 17:31:30.480 | SUCCESS  | __main__:make_api_calls:172 - Retrieved and saved 10 posts. Total: 2720
2024-09-16 17:31:33.113 | SUCCESS  | __main__:save_to_database:153 - Committed 10 posts to the database
2024-09-16 17:31:33.114 | SUCCESS  | __main__:make_api_calls:172 - Retrieved and saved 10 posts. Total: 2730
2024-09-16 17:31:37.824 | WARNING  | __main__:save_to_database:143 - Symbol GC=F not found in the database. Skipping.
2024-09-16 17:31:37.914 | SUCCESS  | __main__:save_to_database:153 - Committed 10 posts to the database
2024-09-16 17:31:37.915 | SUCCESS  | __main__:make_api_calls:172 - Retrieved and saved 10 posts. Total: 2740
2024-09-16 17:31:42.123 | WARNING  | __main__:save_to_database:143 - Symbol HNXINDEX not found in the database. Skipping.
2024-09-16 17:31:42.123 | WARNING  | __main__:save_to_database:143 - Symbol UPINDEX not found in the database. Skipping.
2024-09-16 17:31:42.124 | WARNING  | __main__:save_to_database:143 - Symbol VN30F1M not found in the database. Skipping.
2024-09-16 17:31:42.124 | WARNING  | __main__:save_to_database:143 - Symbol VNINDEX not found in the database. Skipping.
2024-09-16 17:31:42.163 | WARNING  | __main__:save_to_database:143 - Symbol HNXINDEX not found in the database. Skipping.
2024-09-16 17:31:42.164 | WARNING  | __main__:save_to_database:143 - Symbol UPINDEX not found in the database. Skipping.
2024-09-16 17:31:42.164 | WARNING  | __main__:save_to_database:143 - Symbol VN30F1M not found in the database. Skipping.
2024-09-16 17:31:42.164 | WARNING  | __main__:save_to_database:143 - Symbol VNINDEX not found in the database. Skipping.
2024-09-16 17:31:42.259 | SUCCESS  | __main__:save_to_database:153 - Committed 10 posts to the database
2024-09-16 17:31:42.260 | SUCCESS  | __main__:make_api_calls:172 - Retrieved and saved 10 posts. Total: 2750
2024-09-16 17:31:46.778 | WARNING  | __main__:save_to_database:143 - Symbol KCEU23 not found in the database. Skipping.
2024-09-16 17:31:46.778 | WARNING  | __main__:save_to_database:143 - Symbol LRCK23k not found in the database. Skipping.
2024-09-16 17:31:46.875 | SUCCESS  | __main__:save_to_database:153 - Committed 10 posts to the database
2024-09-16 17:31:46.876 | SUCCESS  | __main__:make_api_calls:172 - Retrieved and saved 10 posts. Total: 2760
2024-09-16 17:31:49.652 | SUCCESS  | __main__:save_to_database:153 - Committed 10 posts to the database
2024-09-16 17:31:49.653 | SUCCESS  | __main__:make_api_calls:172 - Retrieved and saved 10 posts. Total: 2770
2024-09-16 17:31:53.729 | WARNING  | __main__:save_to_database:143 - Symbol VNINDEX not found in the database. Skipping.
2024-09-16 17:31:53.737 | WARNING  | __main__:save_to_database:143 - Symbol GC=F not found in the database. Skipping.
2024-09-16 17:31:53.761 | SUCCESS  | __main__:save_to_database:153 - Committed 10 posts to the database
2024-09-16 17:31:53.763 | SUCCESS  | __main__:make_api_calls:172 - Retrieved and saved 10 posts. Total: 2780
2024-09-16 17:31:57.480 | SUCCESS  | __main__:save_to_database:153 - Committed 10 posts to the database
2024-09-16 17:31:57.481 | SUCCESS  | __main__:make_api_calls:172 - Retrieved and saved 10 posts. Total: 2790
2024-09-16 17:32:01.220 | WARNING  | __main__:save_to_database:143 - Symbol HNXINDEX not found in the database. Skipping.
2024-09-16 17:32:01.221 | WARNING  | __main__:save_to_database:143 - Symbol UPINDEX not found in the database. Skipping.
2024-09-16 17:32:01.221 | WARNING  | __main__:save_to_database:143 - Symbol VNINDEX not found in the database. Skipping.
2024-09-16 17:32:01.313 | SUCCESS  | __main__:save_to_database:153 - Committed 10 posts to the database
2024-09-16 17:32:01.314 | SUCCESS  | __main__:make_api_calls:172 - Retrieved and saved 10 posts. Total: 2800
2024-09-16 17:32:03.048 | SUCCESS  | __main__:save_to_database:153 - Committed 10 posts to the database
2024-09-16 17:32:03.049 | SUCCESS  | __main__:make_api_calls:172 - Retrieved and saved 10 posts. Total: 2810
2024-09-16 17:32:08.408 | SUCCESS  | __main__:save_to_database:153 - Committed 10 posts to the database
2024-09-16 17:32:08.409 | SUCCESS  | __main__:make_api_calls:172 - Retrieved and saved 10 posts. Total: 2820
2024-09-16 17:32:11.259 | SUCCESS  | __main__:save_to_database:153 - Committed 10 posts to the database
2024-09-16 17:32:11.261 | SUCCESS  | __main__:make_api_calls:172 - Retrieved and saved 10 posts. Total: 2830
2024-09-16 17:32:16.441 | WARNING  | __main__:save_to_database:143 - Symbol HNXINDEX not found in the database. Skipping.
2024-09-16 17:32:16.442 | WARNING  | __main__:save_to_database:143 - Symbol UPINDEX not found in the database. Skipping.
2024-09-16 17:32:16.442 | WARNING  | __main__:save_to_database:143 - Symbol VNINDEX not found in the database. Skipping.
2024-09-16 17:32:16.494 | SUCCESS  | __main__:save_to_database:153 - Committed 10 posts to the database
2024-09-16 17:32:16.495 | SUCCESS  | __main__:make_api_calls:172 - Retrieved and saved 10 posts. Total: 2840
2024-09-16 17:32:21.630 | SUCCESS  | __main__:save_to_database:153 - Committed 10 posts to the database
2024-09-16 17:32:21.631 | SUCCESS  | __main__:make_api_calls:172 - Retrieved and saved 10 posts. Total: 2850
2024-09-16 17:32:25.140 | SUCCESS  | __main__:save_to_database:153 - Committed 10 posts to the database
2024-09-16 17:32:25.141 | SUCCESS  | __main__:make_api_calls:172 - Retrieved and saved 10 posts. Total: 2860
2024-09-16 17:32:26.940 | SUCCESS  | __main__:save_to_database:153 - Committed 10 posts to the database
2024-09-16 17:32:26.941 | SUCCESS  | __main__:make_api_calls:172 - Retrieved and saved 10 posts. Total: 2870
2024-09-16 17:32:30.649 | WARNING  | __main__:save_to_database:143 - Symbol HNXINDEX not found in the database. Skipping.
2024-09-16 17:32:30.649 | WARNING  | __main__:save_to_database:143 - Symbol UPINDEX not found in the database. Skipping.
2024-09-16 17:32:30.649 | WARNING  | __main__:save_to_database:143 - Symbol VNINDEX not found in the database. Skipping.
2024-09-16 17:32:30.741 | SUCCESS  | __main__:save_to_database:153 - Committed 10 posts to the database
2024-09-16 17:32:30.742 | SUCCESS  | __main__:make_api_calls:172 - Retrieved and saved 10 posts. Total: 2880
2024-09-16 17:32:33.328 | SUCCESS  | __main__:save_to_database:153 - Committed 10 posts to the database
2024-09-16 17:32:33.329 | SUCCESS  | __main__:make_api_calls:172 - Retrieved and saved 10 posts. Total: 2890
2024-09-16 17:32:37.209 | SUCCESS  | __main__:save_to_database:153 - Committed 10 posts to the database
2024-09-16 17:32:37.210 | SUCCESS  | __main__:make_api_calls:172 - Retrieved and saved 10 posts. Total: 2900
2024-09-16 17:32:40.112 | SUCCESS  | __main__:save_to_database:153 - Committed 10 posts to the database
2024-09-16 17:32:40.113 | SUCCESS  | __main__:make_api_calls:172 - Retrieved and saved 10 posts. Total: 2910
2024-09-16 17:32:44.096 | SUCCESS  | __main__:save_to_database:153 - Committed 10 posts to the database
2024-09-16 17:32:44.097 | SUCCESS  | __main__:make_api_calls:172 - Retrieved and saved 10 posts. Total: 2920
2024-09-16 17:32:48.223 | SUCCESS  | __main__:save_to_database:153 - Committed 10 posts to the database
2024-09-16 17:32:48.224 | SUCCESS  | __main__:make_api_calls:172 - Retrieved and saved 10 posts. Total: 2930
2024-09-16 17:32:53.209 | SUCCESS  | __main__:save_to_database:153 - Committed 10 posts to the database
2024-09-16 17:32:53.210 | SUCCESS  | __main__:make_api_calls:172 - Retrieved and saved 10 posts. Total: 2940
2024-09-16 17:32:55.292 | SUCCESS  | __main__:save_to_database:153 - Committed 10 posts to the database
2024-09-16 17:32:55.293 | SUCCESS  | __main__:make_api_calls:172 - Retrieved and saved 10 posts. Total: 2950
2024-09-16 17:32:59.919 | SUCCESS  | __main__:save_to_database:153 - Committed 10 posts to the database
2024-09-16 17:32:59.920 | SUCCESS  | __main__:make_api_calls:172 - Retrieved and saved 10 posts. Total: 2960
2024-09-16 17:33:02.218 | WARNING  | __main__:save_to_database:143 - Symbol VN30 not found in the database. Skipping.
2024-09-16 17:33:02.218 | WARNING  | __main__:save_to_database:143 - Symbol VNINDEX not found in the database. Skipping.
2024-09-16 17:33:02.239 | WARNING  | __main__:save_to_database:143 - Symbol HNXINDEX not found in the database. Skipping.
2024-09-16 17:33:02.240 | WARNING  | __main__:save_to_database:143 - Symbol UPINDEX not found in the database. Skipping.
2024-09-16 17:33:02.241 | WARNING  | __main__:save_to_database:143 - Symbol VN30F1M not found in the database. Skipping.
2024-09-16 17:33:02.242 | WARNING  | __main__:save_to_database:143 - Symbol VNINDEX not found in the database. Skipping.
2024-09-16 17:33:02.271 | WARNING  | __main__:save_to_database:143 - Symbol USD-VND not found in the database. Skipping.
2024-09-16 17:33:02.361 | SUCCESS  | __main__:save_to_database:153 - Committed 10 posts to the database
2024-09-16 17:33:02.362 | SUCCESS  | __main__:make_api_calls:172 - Retrieved and saved 10 posts. Total: 2970
2024-09-16 17:33:06.865 | WARNING  | __main__:save_to_database:143 - Symbol BZ=F not found in the database. Skipping.
2024-09-16 17:33:06.865 | WARNING  | __main__:save_to_database:143 - Symbol CL=F not found in the database. Skipping.
2024-09-16 17:33:06.866 | WARNING  | __main__:save_to_database:143 - Symbol SI=F not found in the database. Skipping.
2024-09-16 17:33:06.912 | WARNING  | __main__:save_to_database:143 - Symbol GC=F not found in the database. Skipping.
2024-09-16 17:33:07.005 | SUCCESS  | __main__:save_to_database:153 - Committed 10 posts to the database
2024-09-16 17:33:07.006 | SUCCESS  | __main__:make_api_calls:172 - Retrieved and saved 10 posts. Total: 2980
2024-09-16 17:33:11.038 | SUCCESS  | __main__:save_to_database:153 - Committed 10 posts to the database
2024-09-16 17:33:11.038 | SUCCESS  | __main__:make_api_calls:172 - Retrieved and saved 10 posts. Total: 2990
2024-09-16 17:33:15.940 | SUCCESS  | __main__:save_to_database:153 - Committed 10 posts to the database
2024-09-16 17:33:15.941 | SUCCESS  | __main__:make_api_calls:172 - Retrieved and saved 10 posts. Total: 3000
2024-09-16 17:33:20.005 | WARNING  | __main__:save_to_database:143 - Symbol ^DJI not found in the database. Skipping.
2024-09-16 17:33:20.005 | WARNING  | __main__:save_to_database:143 - Symbol ^GSPC not found in the database. Skipping.
2024-09-16 17:33:20.006 | WARNING  | __main__:save_to_database:143 - Symbol ^IXIC not found in the database. Skipping.
2024-09-16 17:33:20.035 | WARNING  | __main__:save_to_database:143 - Symbol KCEU23 not found in the database. Skipping.
2024-09-16 17:33:20.036 | WARNING  | __main__:save_to_database:143 - Symbol LRCK23 not found in the database. Skipping.
2024-09-16 17:33:20.053 | WARNING  | __main__:save_to_database:143 - Symbol GC=F not found in the database. Skipping.
2024-09-16 17:33:20.063 | WARNING  | __main__:save_to_database:143 - Symbol BZ=F not found in the database. Skipping.
2024-09-16 17:33:20.064 | WARNING  | __main__:save_to_database:143 - Symbol CL=F not found in the database. Skipping.
2024-09-16 17:33:20.064 | WARNING  | __main__:save_to_database:143 - Symbol SI=F not found in the database. Skipping.
2024-09-16 17:33:20.117 | SUCCESS  | __main__:save_to_database:153 - Committed 10 posts to the database
2024-09-16 17:33:20.118 | SUCCESS  | __main__:make_api_calls:172 - Retrieved and saved 10 posts. Total: 3010
2024-09-16 17:33:26.710 | WARNING  | __main__:save_to_database:143 - Symbol GC=F not found in the database. Skipping.
2024-09-16 17:33:26.804 | SUCCESS  | __main__:save_to_database:153 - Committed 10 posts to the database
2024-09-16 17:33:26.805 | SUCCESS  | __main__:make_api_calls:172 - Retrieved and saved 10 posts. Total: 3020
2024-09-16 17:33:31.221 | SUCCESS  | __main__:save_to_database:153 - Committed 10 posts to the database
2024-09-16 17:33:31.223 | SUCCESS  | __main__:make_api_calls:172 - Retrieved and saved 10 posts. Total: 3030
2024-09-16 17:33:34.514 | WARNING  | __main__:save_to_database:143 - Symbol KCEU23 not found in the database. Skipping.
2024-09-16 17:33:34.515 | WARNING  | __main__:save_to_database:143 - Symbol LRCK23 not found in the database. Skipping.
2024-09-16 17:33:34.531 | WARNING  | __main__:save_to_database:143 - Symbol US.VFS not found in the database. Skipping.
2024-09-16 17:33:34.552 | WARNING  | __main__:save_to_database:143 - Symbol VNINDEX not found in the database. Skipping.
2024-09-16 17:33:34.633 | SUCCESS  | __main__:save_to_database:153 - Committed 10 posts to the database
2024-09-16 17:33:34.634 | SUCCESS  | __main__:make_api_calls:172 - Retrieved and saved 10 posts. Total: 3040
2024-09-16 17:33:37.515 | WARNING  | __main__:save_to_database:143 - Symbol ^GSPC not found in the database. Skipping.
2024-09-16 17:33:37.515 | WARNING  | __main__:save_to_database:143 - Symbol ^IXIC not found in the database. Skipping.
2024-09-16 17:33:37.516 | WARNING  | __main__:save_to_database:143 - Symbol HNXINDEX not found in the database. Skipping.
2024-09-16 17:33:37.516 | WARNING  | __main__:save_to_database:143 - Symbol UPINDEX.^DJI not found in the database. Skipping.
2024-09-16 17:33:37.516 | WARNING  | __main__:save_to_database:143 - Symbol VN30F1M not found in the database. Skipping.
2024-09-16 17:33:37.516 | WARNING  | __main__:save_to_database:143 - Symbol VNINDEX not found in the database. Skipping.
2024-09-16 17:33:37.536 | WARNING  | __main__:save_to_database:143 - Symbol GC=F not found in the database. Skipping.
2024-09-16 17:33:37.626 | SUCCESS  | __main__:save_to_database:153 - Committed 10 posts to the database
2024-09-16 17:33:37.627 | SUCCESS  | __main__:make_api_calls:172 - Retrieved and saved 10 posts. Total: 3050
2024-09-16 17:33:39.759 | WARNING  | __main__:save_to_database:143 - Symbol HNXINDEX not found in the database. Skipping.
2024-09-16 17:33:39.759 | WARNING  | __main__:save_to_database:143 - Symbol UPINDEX not found in the database. Skipping.
2024-09-16 17:33:39.759 | WARNING  | __main__:save_to_database:143 - Symbol VN30F1M not found in the database. Skipping.
2024-09-16 17:33:39.760 | WARNING  | __main__:save_to_database:143 - Symbol VNINDEX not found in the database. Skipping.
2024-09-16 17:33:39.772 | WARNING  | __main__:save_to_database:143 - Symbol GC=F not found in the database. Skipping.
2024-09-16 17:33:39.791 | WARNING  | __main__:save_to_database:143 - Symbol GC=F not found in the database. Skipping.
2024-09-16 17:33:39.844 | SUCCESS  | __main__:save_to_database:153 - Committed 10 posts to the database
2024-09-16 17:33:39.845 | SUCCESS  | __main__:make_api_calls:172 - Retrieved and saved 10 posts. Total: 3060
2024-09-16 17:33:43.601 | SUCCESS  | __main__:save_to_database:153 - Committed 10 posts to the database
2024-09-16 17:33:43.602 | SUCCESS  | __main__:make_api_calls:172 - Retrieved and saved 10 posts. Total: 3070
2024-09-16 17:33:47.717 | WARNING  | __main__:save_to_database:143 - Symbol ^DJI not found in the database. Skipping.
2024-09-16 17:33:47.717 | WARNING  | __main__:save_to_database:143 - Symbol ^GSPC not found in the database. Skipping.
2024-09-16 17:33:47.717 | WARNING  | __main__:save_to_database:143 - Symbol ^IXIC not found in the database. Skipping.
2024-09-16 17:33:47.844 | SUCCESS  | __main__:save_to_database:153 - Committed 10 posts to the database
2024-09-16 17:33:47.845 | SUCCESS  | __main__:make_api_calls:172 - Retrieved and saved 10 posts. Total: 3080
2024-09-16 17:33:51.403 | SUCCESS  | __main__:save_to_database:153 - Committed 10 posts to the database
2024-09-16 17:33:51.404 | SUCCESS  | __main__:make_api_calls:172 - Retrieved and saved 10 posts. Total: 3090
2024-09-16 17:33:56.472 | SUCCESS  | __main__:save_to_database:153 - Committed 10 posts to the database
2024-09-16 17:33:56.473 | SUCCESS  | __main__:make_api_calls:172 - Retrieved and saved 10 posts. Total: 3100
2024-09-16 17:33:58.014 | SUCCESS  | __main__:save_to_database:153 - Committed 10 posts to the database
2024-09-16 17:33:58.015 | SUCCESS  | __main__:make_api_calls:172 - Retrieved and saved 10 posts. Total: 3110
2024-09-16 17:34:01.607 | SUCCESS  | __main__:save_to_database:153 - Committed 10 posts to the database
2024-09-16 17:34:01.608 | SUCCESS  | __main__:make_api_calls:172 - Retrieved and saved 10 posts. Total: 3120
2024-09-16 17:34:05.648 | WARNING  | __main__:save_to_database:143 - Symbol HNXINDEX not found in the database. Skipping.
2024-09-16 17:34:05.649 | WARNING  | __main__:save_to_database:143 - Symbol UPINDEX not found in the database. Skipping.
2024-09-16 17:34:05.649 | WARNING  | __main__:save_to_database:143 - Symbol VN30 not found in the database. Skipping.
2024-09-16 17:34:05.649 | WARNING  | __main__:save_to_database:143 - Symbol VNINDEX not found in the database. Skipping.
2024-09-16 17:34:05.753 | SUCCESS  | __main__:save_to_database:153 - Committed 10 posts to the database
2024-09-16 17:34:05.753 | SUCCESS  | __main__:make_api_calls:172 - Retrieved and saved 10 posts. Total: 3130
2024-09-16 17:34:09.936 | SUCCESS  | __main__:save_to_database:153 - Committed 10 posts to the database
2024-09-16 17:34:09.936 | SUCCESS  | __main__:make_api_calls:172 - Retrieved and saved 10 posts. Total: 3140
2024-09-16 17:34:15.054 | SUCCESS  | __main__:save_to_database:153 - Committed 10 posts to the database
2024-09-16 17:34:15.056 | SUCCESS  | __main__:make_api_calls:172 - Retrieved and saved 10 posts. Total: 3150
2024-09-16 17:34:16.643 | WARNING  | __main__:save_to_database:143 - Symbol HNXINDEX not found in the database. Skipping.
2024-09-16 17:34:16.644 | WARNING  | __main__:save_to_database:143 - Symbol UPINDEX not found in the database. Skipping.
2024-09-16 17:34:16.644 | WARNING  | __main__:save_to_database:143 - Symbol VNINDEX not found in the database. Skipping.
2024-09-16 17:34:16.688 | SUCCESS  | __main__:save_to_database:153 - Committed 10 posts to the database
2024-09-16 17:34:16.690 | SUCCESS  | __main__:make_api_calls:172 - Retrieved and saved 10 posts. Total: 3160
2024-09-16 17:34:18.370 | WARNING  | __main__:save_to_database:143 - Symbol ^DJI not found in the database. Skipping.
2024-09-16 17:34:18.371 | WARNING  | __main__:save_to_database:143 - Symbol ^GSPC not found in the database. Skipping.
2024-09-16 17:34:18.371 | WARNING  | __main__:save_to_database:143 - Symbol ^IXIC not found in the database. Skipping.
2024-09-16 17:34:18.411 | SUCCESS  | __main__:save_to_database:153 - Committed 10 posts to the database
2024-09-16 17:34:18.412 | SUCCESS  | __main__:make_api_calls:172 - Retrieved and saved 10 posts. Total: 3170
2024-09-16 17:34:20.430 | SUCCESS  | __main__:save_to_database:153 - Committed 10 posts to the database
2024-09-16 17:34:20.432 | SUCCESS  | __main__:make_api_calls:172 - Retrieved and saved 10 posts. Total: 3180
2024-09-16 17:34:25.624 | SUCCESS  | __main__:save_to_database:153 - Committed 10 posts to the database
2024-09-16 17:34:25.625 | SUCCESS  | __main__:make_api_calls:172 - Retrieved and saved 10 posts. Total: 3190
2024-09-16 17:34:29.939 | WARNING  | __main__:save_to_database:143 - Symbol HNXINDEX not found in the database. Skipping.
2024-09-16 17:34:29.940 | WARNING  | __main__:save_to_database:143 - Symbol UPINDEX not found in the database. Skipping.
2024-09-16 17:34:29.940 | WARNING  | __main__:save_to_database:143 - Symbol VN30F1M not found in the database. Skipping.
2024-09-16 17:34:29.940 | WARNING  | __main__:save_to_database:143 - Symbol VNINDEX not found in the database. Skipping.
2024-09-16 17:34:30.017 | SUCCESS  | __main__:save_to_database:153 - Committed 10 posts to the database
2024-09-16 17:34:30.019 | SUCCESS  | __main__:make_api_calls:172 - Retrieved and saved 10 posts. Total: 3200
2024-09-16 17:34:31.918 | SUCCESS  | __main__:save_to_database:153 - Committed 10 posts to the database
2024-09-16 17:34:31.920 | SUCCESS  | __main__:make_api_calls:172 - Retrieved and saved 10 posts. Total: 3210
2024-09-16 17:34:34.577 | SUCCESS  | __main__:save_to_database:153 - Committed 10 posts to the database
2024-09-16 17:34:34.578 | SUCCESS  | __main__:make_api_calls:172 - Retrieved and saved 10 posts. Total: 3220
2024-09-16 17:34:36.511 | SUCCESS  | __main__:save_to_database:153 - Committed 10 posts to the database
2024-09-16 17:34:36.512 | SUCCESS  | __main__:make_api_calls:172 - Retrieved and saved 10 posts. Total: 3230
2024-09-16 17:34:41.443 | SUCCESS  | __main__:save_to_database:153 - Committed 10 posts to the database
2024-09-16 17:34:41.446 | SUCCESS  | __main__:make_api_calls:172 - Retrieved and saved 10 posts. Total: 3240
2024-09-16 17:34:46.206 | WARNING  | __main__:save_to_database:143 - Symbol US.VFS not found in the database. Skipping.
2024-09-16 17:34:46.221 | WARNING  | __main__:save_to_database:143 - Symbol ^DJI not found in the database. Skipping.
2024-09-16 17:34:46.221 | WARNING  | __main__:save_to_database:143 - Symbol ^GSPC not found in the database. Skipping.
2024-09-16 17:34:46.221 | WARNING  | __main__:save_to_database:143 - Symbol ^IXIC not found in the database. Skipping.
2024-09-16 17:34:46.269 | SUCCESS  | __main__:save_to_database:153 - Committed 10 posts to the database
2024-09-16 17:34:46.269 | SUCCESS  | __main__:make_api_calls:172 - Retrieved and saved 10 posts. Total: 3250
2024-09-16 17:34:50.281 | WARNING  | __main__:save_to_database:143 - Symbol USD-VND not found in the database. Skipping.
2024-09-16 17:34:50.316 | SUCCESS  | __main__:save_to_database:153 - Committed 10 posts to the database
2024-09-16 17:34:50.316 | SUCCESS  | __main__:make_api_calls:172 - Retrieved and saved 10 posts. Total: 3260
2024-09-16 17:34:51.716 | WARNING  | __main__:save_to_database:143 - Symbol BZ=F not found in the database. Skipping.
2024-09-16 17:34:51.717 | WARNING  | __main__:save_to_database:143 - Symbol CL=F not found in the database. Skipping.
2024-09-16 17:34:51.717 | WARNING  | __main__:save_to_database:143 - Symbol SI=F not found in the database. Skipping.
2024-09-16 17:34:51.726 | WARNING  | __main__:save_to_database:143 - Symbol US.VFS not found in the database. Skipping.
2024-09-16 17:34:51.735 | WARNING  | __main__:save_to_database:143 - Symbol GC=F not found in the database. Skipping.
2024-09-16 17:34:51.785 | SUCCESS  | __main__:save_to_database:153 - Committed 10 posts to the database
2024-09-16 17:34:51.786 | SUCCESS  | __main__:make_api_calls:172 - Retrieved and saved 10 posts. Total: 3270
2024-09-16 17:34:55.751 | WARNING  | __main__:save_to_database:143 - Symbol ^DJI not found in the database. Skipping.
2024-09-16 17:34:55.751 | WARNING  | __main__:save_to_database:143 - Symbol ^GSPC not found in the database. Skipping.
2024-09-16 17:34:55.751 | WARNING  | __main__:save_to_database:143 - Symbol ^IXIC not found in the database. Skipping.
2024-09-16 17:34:55.751 | WARNING  | __main__:save_to_database:143 - Symbol BZ=F not found in the database. Skipping.
2024-09-16 17:34:55.751 | WARNING  | __main__:save_to_database:143 - Symbol KCEU23 not found in the database. Skipping.
2024-09-16 17:34:55.751 | WARNING  | __main__:save_to_database:143 - Symbol LRCK23 not found in the database. Skipping.
2024-09-16 17:34:55.811 | SUCCESS  | __main__:save_to_database:153 - Committed 10 posts to the database
2024-09-16 17:34:55.812 | SUCCESS  | __main__:make_api_calls:172 - Retrieved and saved 10 posts. Total: 3280
2024-09-16 17:35:00.880 | WARNING  | __main__:save_to_database:143 - Symbol KCEU23 not found in the database. Skipping.
2024-09-16 17:35:00.881 | WARNING  | __main__:save_to_database:143 - Symbol LRCK23 not found in the database. Skipping.
2024-09-16 17:35:00.953 | SUCCESS  | __main__:save_to_database:153 - Committed 10 posts to the database
2024-09-16 17:35:00.954 | SUCCESS  | __main__:make_api_calls:172 - Retrieved and saved 10 posts. Total: 3290
2024-09-16 17:35:04.504 | WARNING  | __main__:save_to_database:143 - Symbol UPINDEX not found in the database. Skipping.
2024-09-16 17:35:04.614 | SUCCESS  | __main__:save_to_database:153 - Committed 10 posts to the database
2024-09-16 17:35:04.615 | SUCCESS  | __main__:make_api_calls:172 - Retrieved and saved 10 posts. Total: 3300
2024-09-16 17:35:07.217 | SUCCESS  | __main__:save_to_database:153 - Committed 10 posts to the database
2024-09-16 17:35:07.217 | SUCCESS  | __main__:make_api_calls:172 - Retrieved and saved 10 posts. Total: 3310
2024-09-16 17:35:10.801 | WARNING  | __main__:save_to_database:143 - Symbol HNXINDEX not found in the database. Skipping.
2024-09-16 17:35:10.801 | WARNING  | __main__:save_to_database:143 - Symbol UPINDEX not found in the database. Skipping.
2024-09-16 17:35:10.801 | WARNING  | __main__:save_to_database:143 - Symbol VN30F1M not found in the database. Skipping.
2024-09-16 17:35:10.801 | WARNING  | __main__:save_to_database:143 - Symbol VNINDEX not found in the database. Skipping.
2024-09-16 17:35:10.896 | SUCCESS  | __main__:save_to_database:153 - Committed 10 posts to the database
2024-09-16 17:35:10.896 | SUCCESS  | __main__:make_api_calls:172 - Retrieved and saved 10 posts. Total: 3320
2024-09-16 17:35:15.643 | WARNING  | __main__:save_to_database:143 - Symbol VN30 not found in the database. Skipping.
2024-09-16 17:35:15.643 | WARNING  | __main__:save_to_database:143 - Symbol VNINDEX not found in the database. Skipping.
2024-09-16 17:35:15.701 | SUCCESS  | __main__:save_to_database:153 - Committed 10 posts to the database
2024-09-16 17:35:15.702 | SUCCESS  | __main__:make_api_calls:172 - Retrieved and saved 10 posts. Total: 3330
2024-09-16 17:35:19.602 | SUCCESS  | __main__:save_to_database:153 - Committed 10 posts to the database
2024-09-16 17:35:19.603 | SUCCESS  | __main__:make_api_calls:172 - Retrieved and saved 10 posts. Total: 3340
2024-09-16 17:35:24.614 | WARNING  | __main__:save_to_database:143 - Symbol HNXINDEX not found in the database. Skipping.
2024-09-16 17:35:24.614 | WARNING  | __main__:save_to_database:143 - Symbol UPINDEX not found in the database. Skipping.
2024-09-16 17:35:24.614 | WARNING  | __main__:save_to_database:143 - Symbol VNINDEX not found in the database. Skipping.
2024-09-16 17:35:24.678 | SUCCESS  | __main__:save_to_database:153 - Committed 10 posts to the database
2024-09-16 17:35:24.679 | SUCCESS  | __main__:make_api_calls:172 - Retrieved and saved 10 posts. Total: 3350
2024-09-16 17:35:28.479 | SUCCESS  | __main__:save_to_database:153 - Committed 10 posts to the database
2024-09-16 17:35:28.481 | SUCCESS  | __main__:make_api_calls:172 - Retrieved and saved 10 posts. Total: 3360
2024-09-16 17:35:31.323 | SUCCESS  | __main__:save_to_database:153 - Committed 10 posts to the database
2024-09-16 17:35:31.324 | SUCCESS  | __main__:make_api_calls:172 - Retrieved and saved 10 posts. Total: 3370
2024-09-16 17:35:33.113 | SUCCESS  | __main__:save_to_database:153 - Committed 10 posts to the database
2024-09-16 17:35:33.124 | SUCCESS  | __main__:make_api_calls:172 - Retrieved and saved 10 posts. Total: 3380
2024-09-16 17:35:35.674 | SUCCESS  | __main__:save_to_database:153 - Committed 10 posts to the database
2024-09-16 17:35:35.675 | SUCCESS  | __main__:make_api_calls:172 - Retrieved and saved 10 posts. Total: 3390
2024-09-16 17:35:37.584 | SUCCESS  | __main__:save_to_database:153 - Committed 10 posts to the database
2024-09-16 17:35:37.585 | SUCCESS  | __main__:make_api_calls:172 - Retrieved and saved 10 posts. Total: 3400
2024-09-16 17:35:40.393 | SUCCESS  | __main__:save_to_database:153 - Committed 10 posts to the database
2024-09-16 17:35:40.394 | SUCCESS  | __main__:make_api_calls:172 - Retrieved and saved 10 posts. Total: 3410
2024-09-16 17:35:44.905 | WARNING  | __main__:save_to_database:143 - Symbol USD-VND not found in the database. Skipping.
2024-09-16 17:35:44.978 | SUCCESS  | __main__:save_to_database:153 - Committed 10 posts to the database
2024-09-16 17:35:44.979 | SUCCESS  | __main__:make_api_calls:172 - Retrieved and saved 10 posts. Total: 3420
2024-09-16 17:35:49.497 | SUCCESS  | __main__:save_to_database:153 - Committed 10 posts to the database
2024-09-16 17:35:49.498 | SUCCESS  | __main__:make_api_calls:172 - Retrieved and saved 10 posts. Total: 3430
2024-09-16 17:35:52.329 | WARNING  | __main__:save_to_database:143 - Symbol GC=F not found in the database. Skipping.
2024-09-16 17:35:52.338 | WARNING  | __main__:save_to_database:143 - Symbol US.VFS not found in the database. Skipping.
2024-09-16 17:35:52.363 | WARNING  | __main__:save_to_database:143 - Symbol HNXINDEX not found in the database. Skipping.
2024-09-16 17:35:52.364 | WARNING  | __main__:save_to_database:143 - Symbol UPINDEX not found in the database. Skipping.
2024-09-16 17:35:52.364 | WARNING  | __main__:save_to_database:143 - Symbol VN30F1M not found in the database. Skipping.
2024-09-16 17:35:52.364 | WARNING  | __main__:save_to_database:143 - Symbol VNINDEX not found in the database. Skipping.
2024-09-16 17:35:52.413 | SUCCESS  | __main__:save_to_database:153 - Committed 10 posts to the database
2024-09-16 17:35:52.414 | SUCCESS  | __main__:make_api_calls:172 - Retrieved and saved 10 posts. Total: 3440
2024-09-16 17:35:57.436 | WARNING  | __main__:save_to_database:143 - Symbol HNX30 not found in the database. Skipping.
2024-09-16 17:35:57.437 | WARNING  | __main__:save_to_database:143 - Symbol HNXINDEX not found in the database. Skipping.
2024-09-16 17:35:57.437 | WARNING  | __main__:save_to_database:143 - Symbol UPINDEX not found in the database. Skipping.
2024-09-16 17:35:57.438 | WARNING  | __main__:save_to_database:143 - Symbol VN30 not found in the database. Skipping.
2024-09-16 17:35:57.438 | WARNING  | __main__:save_to_database:143 - Symbol VN30F1M not found in the database. Skipping.
2024-09-16 17:35:57.438 | WARNING  | __main__:save_to_database:143 - Symbol VNINDEX not found in the database. Skipping.
2024-09-16 17:35:57.455 | WARNING  | __main__:save_to_database:143 - Symbol HNX30 not found in the database. Skipping.
2024-09-16 17:35:57.455 | WARNING  | __main__:save_to_database:143 - Symbol HNXINDEX not found in the database. Skipping.
2024-09-16 17:35:57.456 | WARNING  | __main__:save_to_database:143 - Symbol UPINDEX not found in the database. Skipping.
2024-09-16 17:35:57.456 | WARNING  | __main__:save_to_database:143 - Symbol VN30 not found in the database. Skipping.
2024-09-16 17:35:57.456 | WARNING  | __main__:save_to_database:143 - Symbol VNINDEX not found in the database. Skipping.
2024-09-16 17:35:57.471 | WARNING  | __main__:save_to_database:143 - Symbol VNINDEX not found in the database. Skipping.
2024-09-16 17:35:57.532 | SUCCESS  | __main__:save_to_database:153 - Committed 10 posts to the database
2024-09-16 17:35:57.532 | SUCCESS  | __main__:make_api_calls:172 - Retrieved and saved 10 posts. Total: 3450
2024-09-16 17:36:01.309 | SUCCESS  | __main__:save_to_database:153 - Committed 10 posts to the database
2024-09-16 17:36:01.310 | SUCCESS  | __main__:make_api_calls:172 - Retrieved and saved 10 posts. Total: 3460
2024-09-16 17:36:03.552 | SUCCESS  | __main__:save_to_database:153 - Committed 10 posts to the database
2024-09-16 17:36:03.553 | SUCCESS  | __main__:make_api_calls:172 - Retrieved and saved 10 posts. Total: 3470
2024-09-16 17:36:06.644 | WARNING  | __main__:save_to_database:143 - Symbol VN30 not found in the database. Skipping.
2024-09-16 17:36:06.644 | WARNING  | __main__:save_to_database:143 - Symbol VNINDEX not found in the database. Skipping.
2024-09-16 17:36:06.744 | SUCCESS  | __main__:save_to_database:153 - Committed 10 posts to the database
2024-09-16 17:36:06.745 | SUCCESS  | __main__:make_api_calls:172 - Retrieved and saved 10 posts. Total: 3480
2024-09-16 17:36:11.295 | SUCCESS  | __main__:save_to_database:153 - Committed 10 posts to the database
2024-09-16 17:36:11.296 | SUCCESS  | __main__:make_api_calls:172 - Retrieved and saved 10 posts. Total: 3490
2024-09-16 17:36:12.815 | WARNING  | __main__:save_to_database:143 - Symbol HNX30 not found in the database. Skipping.
2024-09-16 17:36:12.863 | SUCCESS  | __main__:save_to_database:153 - Committed 10 posts to the database
2024-09-16 17:36:12.864 | SUCCESS  | __main__:make_api_calls:172 - Retrieved and saved 10 posts. Total: 3500
2024-09-16 17:36:14.319 | WARNING  | __main__:save_to_database:143 - Symbol US.VFS not found in the database. Skipping.
2024-09-16 17:36:14.397 | SUCCESS  | __main__:save_to_database:153 - Committed 10 posts to the database
2024-09-16 17:36:14.398 | SUCCESS  | __main__:make_api_calls:172 - Retrieved and saved 10 posts. Total: 3510
2024-09-16 17:36:18.048 | SUCCESS  | __main__:save_to_database:153 - Committed 10 posts to the database
2024-09-16 17:36:18.048 | SUCCESS  | __main__:make_api_calls:172 - Retrieved and saved 10 posts. Total: 3520
2024-09-16 17:36:21.960 | WARNING  | __main__:save_to_database:143 - Symbol VNINDEX not found in the database. Skipping.
2024-09-16 17:36:22.058 | SUCCESS  | __main__:save_to_database:153 - Committed 10 posts to the database
2024-09-16 17:36:22.059 | SUCCESS  | __main__:make_api_calls:172 - Retrieved and saved 10 posts. Total: 3530
2024-09-16 17:36:25.560 | SUCCESS  | __main__:save_to_database:153 - Committed 10 posts to the database
2024-09-16 17:36:25.561 | SUCCESS  | __main__:make_api_calls:172 - Retrieved and saved 10 posts. Total: 3540
2024-09-16 17:36:29.078 | SUCCESS  | __main__:save_to_database:153 - Committed 10 posts to the database
2024-09-16 17:36:29.079 | SUCCESS  | __main__:make_api_calls:172 - Retrieved and saved 10 posts. Total: 3550
2024-09-16 17:36:30.990 | WARNING  | __main__:save_to_database:143 - Symbol HNX30 not found in the database. Skipping.
2024-09-16 17:36:30.990 | WARNING  | __main__:save_to_database:143 - Symbol HNXINDEX not found in the database. Skipping.
2024-09-16 17:36:30.991 | WARNING  | __main__:save_to_database:143 - Symbol UPINDEX not found in the database. Skipping.
2024-09-16 17:36:30.991 | WARNING  | __main__:save_to_database:143 - Symbol VN30 not found in the database. Skipping.
2024-09-16 17:36:30.991 | WARNING  | __main__:save_to_database:143 - Symbol VNINDEX not found in the database. Skipping.
2024-09-16 17:36:31.112 | SUCCESS  | __main__:save_to_database:153 - Committed 10 posts to the database
2024-09-16 17:36:31.113 | SUCCESS  | __main__:make_api_calls:172 - Retrieved and saved 10 posts. Total: 3560
2024-09-16 17:36:32.431 | WARNING  | __main__:save_to_database:143 - Symbol BZ=F not found in the database. Skipping.
2024-09-16 17:36:32.432 | WARNING  | __main__:save_to_database:143 - Symbol CL=F not found in the database. Skipping.
2024-09-16 17:36:32.432 | WARNING  | __main__:save_to_database:143 - Symbol SI=F not found in the database. Skipping.
2024-09-16 17:36:32.470 | WARNING  | __main__:save_to_database:143 - Symbol GC=F not found in the database. Skipping.
2024-09-16 17:36:32.479 | WARNING  | __main__:save_to_database:143 - Symbol KCEU23 not found in the database. Skipping.
2024-09-16 17:36:32.479 | WARNING  | __main__:save_to_database:143 - Symbol LRCK23 not found in the database. Skipping.
2024-09-16 17:36:32.487 | WARNING  | __main__:save_to_database:143 - Symbol ^DJI not found in the database. Skipping.
2024-09-16 17:36:32.488 | WARNING  | __main__:save_to_database:143 - Symbol ^GSPC not found in the database. Skipping.
2024-09-16 17:36:32.488 | WARNING  | __main__:save_to_database:143 - Symbol ^IXIC not found in the database. Skipping.
2024-09-16 17:36:32.504 | SUCCESS  | __main__:save_to_database:153 - Committed 10 posts to the database
2024-09-16 17:36:32.505 | SUCCESS  | __main__:make_api_calls:172 - Retrieved and saved 10 posts. Total: 3570
2024-09-16 17:36:36.612 | WARNING  | __main__:save_to_database:143 - Symbol USD-VND not found in the database. Skipping.
2024-09-16 17:36:36.758 | SUCCESS  | __main__:save_to_database:153 - Committed 10 posts to the database
2024-09-16 17:36:36.758 | SUCCESS  | __main__:make_api_calls:172 - Retrieved and saved 10 posts. Total: 3580
2024-09-16 17:36:39.363 | WARNING  | __main__:save_to_database:143 - Symbol HNXINDEX not found in the database. Skipping.
2024-09-16 17:36:39.364 | WARNING  | __main__:save_to_database:143 - Symbol UPINDEX not found in the database. Skipping.
2024-09-16 17:36:39.364 | WARNING  | __main__:save_to_database:143 - Symbol VN30F1M not found in the database. Skipping.
2024-09-16 17:36:39.364 | WARNING  | __main__:save_to_database:143 - Symbol VNINDEX not found in the database. Skipping.
2024-09-16 17:36:39.465 | SUCCESS  | __main__:save_to_database:153 - Committed 10 posts to the database
2024-09-16 17:36:39.466 | SUCCESS  | __main__:make_api_calls:172 - Retrieved and saved 10 posts. Total: 3590
2024-09-16 17:36:43.362 | SUCCESS  | __main__:save_to_database:153 - Committed 10 posts to the database
2024-09-16 17:36:43.362 | SUCCESS  | __main__:make_api_calls:172 - Retrieved and saved 10 posts. Total: 3600
2024-09-16 17:36:47.823 | WARNING  | __main__:save_to_database:143 - Symbol HNXINDEX not found in the database. Skipping.
2024-09-16 17:36:47.824 | WARNING  | __main__:save_to_database:143 - Symbol UPINDEX not found in the database. Skipping.
2024-09-16 17:36:47.824 | WARNING  | __main__:save_to_database:143 - Symbol VNINDEX not found in the database. Skipping.
2024-09-16 17:36:47.927 | SUCCESS  | __main__:save_to_database:153 - Committed 10 posts to the database
2024-09-16 17:36:47.928 | SUCCESS  | __main__:make_api_calls:172 - Retrieved and saved 10 posts. Total: 3610
2024-09-16 17:36:52.402 | SUCCESS  | __main__:save_to_database:153 - Committed 10 posts to the database
2024-09-16 17:36:52.404 | SUCCESS  | __main__:make_api_calls:172 - Retrieved and saved 10 posts. Total: 3620
2024-09-16 17:36:54.104 | SUCCESS  | __main__:save_to_database:153 - Committed 10 posts to the database
2024-09-16 17:36:54.105 | SUCCESS  | __main__:make_api_calls:172 - Retrieved and saved 10 posts. Total: 3630
2024-09-16 17:36:56.411 | WARNING  | __main__:save_to_database:143 - Symbol VNINDEX not found in the database. Skipping.
2024-09-16 17:36:56.417 | WARNING  | __main__:save_to_database:143 - Symbol HNXINDEX not found in the database. Skipping.
2024-09-16 17:36:56.418 | WARNING  | __main__:save_to_database:143 - Symbol UPINDEX not found in the database. Skipping.
2024-09-16 17:36:56.418 | WARNING  | __main__:save_to_database:143 - Symbol VNINDEX not found in the database. Skipping.
2024-09-16 17:36:56.546 | SUCCESS  | __main__:save_to_database:153 - Committed 10 posts to the database
2024-09-16 17:36:56.548 | SUCCESS  | __main__:make_api_calls:172 - Retrieved and saved 10 posts. Total: 3640
2024-09-16 17:36:57.912 | WARNING  | __main__:save_to_database:143 - Symbol HNXINDEX not found in the database. Skipping.
2024-09-16 17:36:57.912 | WARNING  | __main__:save_to_database:143 - Symbol UPINDEX not found in the database. Skipping.
2024-09-16 17:36:57.913 | WARNING  | __main__:save_to_database:143 - Symbol VN30F1M not found in the database. Skipping.
2024-09-16 17:36:57.913 | WARNING  | __main__:save_to_database:143 - Symbol VNINDEX not found in the database. Skipping.
2024-09-16 17:36:57.932 | WARNING  | __main__:save_to_database:143 - Symbol VNINDEX not found in the database. Skipping.
2024-09-16 17:36:57.943 | WARNING  | __main__:save_to_database:143 - Symbol VNINDEX not found in the database. Skipping.
2024-09-16 17:36:57.976 | WARNING  | __main__:save_to_database:143 - Symbol US.VFS not found in the database. Skipping.
2024-09-16 17:36:58.064 | SUCCESS  | __main__:save_to_database:153 - Committed 10 posts to the database
2024-09-16 17:36:58.065 | SUCCESS  | __main__:make_api_calls:172 - Retrieved and saved 10 posts. Total: 3650
2024-09-16 17:36:59.945 | WARNING  | __main__:save_to_database:143 - Symbol GC=F not found in the database. Skipping.
2024-09-16 17:37:00.081 | SUCCESS  | __main__:save_to_database:153 - Committed 10 posts to the database
2024-09-16 17:37:00.084 | SUCCESS  | __main__:make_api_calls:172 - Retrieved and saved 10 posts. Total: 3660
2024-09-16 17:37:05.048 | WARNING  | __main__:save_to_database:143 - Symbol USD-VND not found in the database. Skipping.
2024-09-16 17:37:05.125 | SUCCESS  | __main__:save_to_database:153 - Committed 10 posts to the database
2024-09-16 17:37:05.126 | SUCCESS  | __main__:make_api_calls:172 - Retrieved and saved 10 posts. Total: 3670
2024-09-16 17:37:09.642 | WARNING  | __main__:save_to_database:143 - Symbol k not found in the database. Skipping.
2024-09-16 17:37:09.650 | WARNING  | __main__:save_to_database:143 - Symbol HNXINDEX not found in the database. Skipping.
2024-09-16 17:37:09.651 | WARNING  | __main__:save_to_database:143 - Symbol UPINDEX not found in the database. Skipping.
2024-09-16 17:37:09.651 | WARNING  | __main__:save_to_database:143 - Symbol VN30F1M not found in the database. Skipping.
2024-09-16 17:37:09.652 | WARNING  | __main__:save_to_database:143 - Symbol VNINDEX not found in the database. Skipping.
2024-09-16 17:37:09.734 | SUCCESS  | __main__:save_to_database:153 - Committed 10 posts to the database
2024-09-16 17:37:09.735 | SUCCESS  | __main__:make_api_calls:172 - Retrieved and saved 10 posts. Total: 3680
2024-09-16 17:37:11.386 | SUCCESS  | __main__:save_to_database:153 - Committed 10 posts to the database
2024-09-16 17:37:11.386 | SUCCESS  | __main__:make_api_calls:172 - Retrieved and saved 10 posts. Total: 3690
2024-09-16 17:37:13.844 | WARNING  | __main__:save_to_database:143 - Symbol VN30 not found in the database. Skipping.
2024-09-16 17:37:13.844 | WARNING  | __main__:save_to_database:143 - Symbol VNINDEX not found in the database. Skipping.
2024-09-16 17:37:13.936 | SUCCESS  | __main__:save_to_database:153 - Committed 10 posts to the database
2024-09-16 17:37:13.937 | SUCCESS  | __main__:make_api_calls:172 - Retrieved and saved 10 posts. Total: 3700
2024-09-16 17:37:16.456 | SUCCESS  | __main__:save_to_database:153 - Committed 10 posts to the database
2024-09-16 17:37:16.458 | SUCCESS  | __main__:make_api_calls:172 - Retrieved and saved 10 posts. Total: 3710
2024-09-16 17:37:20.114 | WARNING  | __main__:save_to_database:143 - Symbol HNXINDEX not found in the database. Skipping.
2024-09-16 17:37:20.130 | WARNING  | __main__:save_to_database:143 - Symbol UPINDEX not found in the database. Skipping.
2024-09-16 17:37:20.130 | WARNING  | __main__:save_to_database:143 - Symbol VNINDEX not found in the database. Skipping.
2024-09-16 17:37:20.213 | SUCCESS  | __main__:save_to_database:153 - Committed 10 posts to the database
2024-09-16 17:37:20.214 | SUCCESS  | __main__:make_api_calls:172 - Retrieved and saved 10 posts. Total: 3720
2024-09-16 17:37:22.932 | SUCCESS  | __main__:save_to_database:153 - Committed 10 posts to the database
2024-09-16 17:37:22.933 | SUCCESS  | __main__:make_api_calls:172 - Retrieved and saved 10 posts. Total: 3730
2024-09-16 17:37:24.841 | SUCCESS  | __main__:save_to_database:153 - Committed 10 posts to the database
2024-09-16 17:37:24.842 | SUCCESS  | __main__:make_api_calls:172 - Retrieved and saved 10 posts. Total: 3740
2024-09-16 17:37:28.434 | SUCCESS  | __main__:save_to_database:153 - Committed 10 posts to the database
2024-09-16 17:37:28.435 | SUCCESS  | __main__:make_api_calls:172 - Retrieved and saved 10 posts. Total: 3750
2024-09-16 17:37:30.909 | SUCCESS  | __main__:save_to_database:153 - Committed 10 posts to the database
2024-09-16 17:37:30.910 | SUCCESS  | __main__:make_api_calls:172 - Retrieved and saved 10 posts. Total: 3760
2024-09-16 17:37:33.011 | SUCCESS  | __main__:save_to_database:153 - Committed 10 posts to the database
2024-09-16 17:37:33.013 | SUCCESS  | __main__:make_api_calls:172 - Retrieved and saved 10 posts. Total: 3770
2024-09-16 17:37:36.495 | SUCCESS  | __main__:save_to_database:153 - Committed 10 posts to the database
2024-09-16 17:37:36.496 | SUCCESS  | __main__:make_api_calls:172 - Retrieved and saved 10 posts. Total: 3780
2024-09-16 17:37:41.201 | WARNING  | __main__:save_to_database:143 - Symbol ^DJI not found in the database. Skipping.
2024-09-16 17:37:41.202 | WARNING  | __main__:save_to_database:143 - Symbol ^GSPC not found in the database. Skipping.
2024-09-16 17:37:41.202 | WARNING  | __main__:save_to_database:143 - Symbol ^IXIC not found in the database. Skipping.
2024-09-16 17:37:41.306 | SUCCESS  | __main__:save_to_database:153 - Committed 10 posts to the database
2024-09-16 17:37:41.307 | SUCCESS  | __main__:make_api_calls:172 - Retrieved and saved 10 posts. Total: 3790
2024-09-16 17:37:45.387 | WARNING  | __main__:save_to_database:143 - Symbol HNXINDEX not found in the database. Skipping.
2024-09-16 17:37:45.387 | WARNING  | __main__:save_to_database:143 - Symbol UPINDEX not found in the database. Skipping.
2024-09-16 17:37:45.387 | WARNING  | __main__:save_to_database:143 - Symbol VN30F1M not found in the database. Skipping.
2024-09-16 17:37:45.387 | WARNING  | __main__:save_to_database:143 - Symbol VNINDEX not found in the database. Skipping.
2024-09-16 17:37:45.441 | WARNING  | __main__:save_to_database:143 - Symbol HNX30 not found in the database. Skipping.
2024-09-16 17:37:45.441 | WARNING  | __main__:save_to_database:143 - Symbol HNXINDEX not found in the database. Skipping.
2024-09-16 17:37:45.441 | WARNING  | __main__:save_to_database:143 - Symbol UPINDEX not found in the database. Skipping.
2024-09-16 17:37:45.441 | WARNING  | __main__:save_to_database:143 - Symbol VN30 not found in the database. Skipping.
2024-09-16 17:37:45.441 | WARNING  | __main__:save_to_database:143 - Symbol VN30F1M not found in the database. Skipping.
2024-09-16 17:37:45.441 | WARNING  | __main__:save_to_database:143 - Symbol VNINDEX not found in the database. Skipping.
2024-09-16 17:37:45.488 | SUCCESS  | __main__:save_to_database:153 - Committed 10 posts to the database
2024-09-16 17:37:45.488 | SUCCESS  | __main__:make_api_calls:172 - Retrieved and saved 10 posts. Total: 3800
2024-09-16 17:37:47.632 | SUCCESS  | __main__:save_to_database:153 - Committed 10 posts to the database
2024-09-16 17:37:47.632 | SUCCESS  | __main__:make_api_calls:172 - Retrieved and saved 10 posts. Total: 3810
2024-09-16 17:37:49.166 | WARNING  | __main__:save_to_database:143 - Symbol HNXINDEX not found in the database. Skipping.
2024-09-16 17:37:49.166 | WARNING  | __main__:save_to_database:143 - Symbol UPINDEX not found in the database. Skipping.
2024-09-16 17:37:49.167 | WARNING  | __main__:save_to_database:143 - Symbol VN30F1M not found in the database. Skipping.
2024-09-16 17:37:49.167 | WARNING  | __main__:save_to_database:143 - Symbol VNINDEX not found in the database. Skipping.
2024-09-16 17:37:49.199 | SUCCESS  | __main__:save_to_database:153 - Committed 10 posts to the database
2024-09-16 17:37:49.200 | SUCCESS  | __main__:make_api_calls:172 - Retrieved and saved 10 posts. Total: 3820
2024-09-16 17:37:51.091 | SUCCESS  | __main__:save_to_database:153 - Committed 10 posts to the database
2024-09-16 17:37:51.092 | SUCCESS  | __main__:make_api_calls:172 - Retrieved and saved 10 posts. Total: 3830
2024-09-16 17:37:55.135 | WARNING  | __main__:save_to_database:143 - Symbol VN30 not found in the database. Skipping.
2024-09-16 17:37:55.135 | WARNING  | __main__:save_to_database:143 - Symbol VNINDEX not found in the database. Skipping.
2024-09-16 17:37:55.211 | SUCCESS  | __main__:save_to_database:153 - Committed 10 posts to the database
2024-09-16 17:37:55.212 | SUCCESS  | __main__:make_api_calls:172 - Retrieved and saved 10 posts. Total: 3840
2024-09-16 17:38:01.928 | SUCCESS  | __main__:save_to_database:153 - Committed 10 posts to the database
2024-09-16 17:38:01.929 | SUCCESS  | __main__:make_api_calls:172 - Retrieved and saved 10 posts. Total: 3850
2024-09-16 17:38:05.674 | WARNING  | __main__:save_to_database:143 - Symbol GC=F not found in the database. Skipping.
2024-09-16 17:38:05.721 | SUCCESS  | __main__:save_to_database:153 - Committed 10 posts to the database
2024-09-16 17:38:05.721 | SUCCESS  | __main__:make_api_calls:172 - Retrieved and saved 10 posts. Total: 3860
2024-09-16 17:38:09.764 | SUCCESS  | __main__:save_to_database:153 - Committed 10 posts to the database
2024-09-16 17:38:09.765 | SUCCESS  | __main__:make_api_calls:172 - Retrieved and saved 10 posts. Total: 3870
2024-09-16 17:38:12.307 | SUCCESS  | __main__:save_to_database:153 - Committed 10 posts to the database
2024-09-16 17:38:12.308 | SUCCESS  | __main__:make_api_calls:172 - Retrieved and saved 10 posts. Total: 3880
2024-09-16 17:38:14.630 | SUCCESS  | __main__:save_to_database:153 - Committed 10 posts to the database
2024-09-16 17:38:14.632 | SUCCESS  | __main__:make_api_calls:172 - Retrieved and saved 10 posts. Total: 3890
2024-09-16 17:38:19.269 | WARNING  | __main__:save_to_database:143 - Symbol ^DJI not found in the database. Skipping.
2024-09-16 17:38:19.269 | WARNING  | __main__:save_to_database:143 - Symbol ^GSPC not found in the database. Skipping.
2024-09-16 17:38:19.269 | WARNING  | __main__:save_to_database:143 - Symbol ^IXIC not found in the database. Skipping.
2024-09-16 17:38:19.283 | WARNING  | __main__:save_to_database:143 - Symbol USD-VND not found in the database. Skipping.
2024-09-16 17:38:19.334 | SUCCESS  | __main__:save_to_database:153 - Committed 10 posts to the database
2024-09-16 17:38:19.335 | SUCCESS  | __main__:make_api_calls:172 - Retrieved and saved 10 posts. Total: 3900
2024-09-16 17:38:22.186 | WARNING  | __main__:save_to_database:143 - Symbol BZ=F not found in the database. Skipping.
2024-09-16 17:38:22.186 | WARNING  | __main__:save_to_database:143 - Symbol CL=F not found in the database. Skipping.
2024-09-16 17:38:22.186 | WARNING  | __main__:save_to_database:143 - Symbol SI=F not found in the database. Skipping.
2024-09-16 17:38:22.220 | WARNING  | __main__:save_to_database:143 - Symbol KCEU23 not found in the database. Skipping.
2024-09-16 17:38:22.220 | WARNING  | __main__:save_to_database:143 - Symbol LRCK23 not found in the database. Skipping.
2024-09-16 17:38:22.235 | WARNING  | __main__:save_to_database:143 - Symbol GC=F not found in the database. Skipping.
2024-09-16 17:38:22.294 | SUCCESS  | __main__:save_to_database:153 - Committed 10 posts to the database
2024-09-16 17:38:22.295 | SUCCESS  | __main__:make_api_calls:172 - Retrieved and saved 10 posts. Total: 3910
2024-09-16 17:38:23.768 | SUCCESS  | __main__:save_to_database:153 - Committed 10 posts to the database
2024-09-16 17:38:23.769 | SUCCESS  | __main__:make_api_calls:172 - Retrieved and saved 10 posts. Total: 3920
2024-09-16 17:38:27.712 | SUCCESS  | __main__:save_to_database:153 - Committed 10 posts to the database
2024-09-16 17:38:27.713 | SUCCESS  | __main__:make_api_calls:172 - Retrieved and saved 10 posts. Total: 3930
2024-09-16 17:38:33.020 | SUCCESS  | __main__:save_to_database:153 - Committed 10 posts to the database
2024-09-16 17:38:33.020 | SUCCESS  | __main__:make_api_calls:172 - Retrieved and saved 10 posts. Total: 3940
2024-09-16 17:38:36.122 | SUCCESS  | __main__:save_to_database:153 - Committed 10 posts to the database
2024-09-16 17:38:36.123 | SUCCESS  | __main__:make_api_calls:172 - Retrieved and saved 10 posts. Total: 3950
2024-09-16 17:38:40.487 | WARNING  | __main__:save_to_database:143 - Symbol HNXINDEX not found in the database. Skipping.
2024-09-16 17:38:40.487 | WARNING  | __main__:save_to_database:143 - Symbol UPINDEX not found in the database. Skipping.
2024-09-16 17:38:40.487 | WARNING  | __main__:save_to_database:143 - Symbol VNINDEX not found in the database. Skipping.
2024-09-16 17:38:40.508 | SUCCESS  | __main__:save_to_database:153 - Committed 10 posts to the database
2024-09-16 17:38:40.510 | SUCCESS  | __main__:make_api_calls:172 - Retrieved and saved 10 posts. Total: 3960
2024-09-16 17:38:42.401 | SUCCESS  | __main__:save_to_database:153 - Committed 10 posts to the database
2024-09-16 17:38:42.402 | SUCCESS  | __main__:make_api_calls:172 - Retrieved and saved 10 posts. Total: 3970
2024-09-16 17:38:45.558 | WARNING  | __main__:save_to_database:143 - Symbol HNXINDEX not found in the database. Skipping.
2024-09-16 17:38:45.558 | WARNING  | __main__:save_to_database:143 - Symbol UPINDEX not found in the database. Skipping.
2024-09-16 17:38:45.559 | WARNING  | __main__:save_to_database:143 - Symbol VN30F1M not found in the database. Skipping.
2024-09-16 17:38:45.559 | WARNING  | __main__:save_to_database:143 - Symbol VNINDEX not found in the database. Skipping.
2024-09-16 17:38:45.626 | WARNING  | __main__:save_to_database:143 - Symbol KCEU23 not found in the database. Skipping.
2024-09-16 17:38:45.627 | WARNING  | __main__:save_to_database:143 - Symbol LRCK23 not found in the database. Skipping.
2024-09-16 17:38:45.678 | SUCCESS  | __main__:save_to_database:153 - Committed 10 posts to the database
2024-09-16 17:38:45.679 | SUCCESS  | __main__:make_api_calls:172 - Retrieved and saved 10 posts. Total: 3980
2024-09-16 17:38:47.365 | WARNING  | __main__:save_to_database:143 - Symbol GC=F not found in the database. Skipping.
2024-09-16 17:38:47.393 | WARNING  | __main__:save_to_database:143 - Symbol HNXINDEX not found in the database. Skipping.
2024-09-16 17:38:47.393 | WARNING  | __main__:save_to_database:143 - Symbol UPINDEX not found in the database. Skipping.
2024-09-16 17:38:47.394 | WARNING  | __main__:save_to_database:143 - Symbol VN30F1M not found in the database. Skipping.
2024-09-16 17:38:47.394 | WARNING  | __main__:save_to_database:143 - Symbol VNINDEX not found in the database. Skipping.
2024-09-16 17:38:47.470 | SUCCESS  | __main__:save_to_database:153 - Committed 10 posts to the database
2024-09-16 17:38:47.470 | SUCCESS  | __main__:make_api_calls:172 - Retrieved and saved 10 posts. Total: 3990
2024-09-16 17:38:49.545 | WARNING  | __main__:save_to_database:143 - Symbol VNINDEX not found in the database. Skipping.
2024-09-16 17:38:49.605 | WARNING  | __main__:save_to_database:143 - Symbol VNINDEX not found in the database. Skipping.
2024-09-16 17:38:49.636 | SUCCESS  | __main__:save_to_database:153 - Committed 10 posts to the database
2024-09-16 17:38:49.636 | SUCCESS  | __main__:make_api_calls:172 - Retrieved and saved 10 posts. Total: 4000
2024-09-16 17:38:53.116 | SUCCESS  | __main__:save_to_database:153 - Committed 10 posts to the database
2024-09-16 17:38:53.116 | SUCCESS  | __main__:make_api_calls:172 - Retrieved and saved 10 posts. Total: 4010
2024-09-16 17:38:56.488 | SUCCESS  | __main__:save_to_database:153 - Committed 10 posts to the database
2024-09-16 17:38:56.490 | SUCCESS  | __main__:make_api_calls:172 - Retrieved and saved 10 posts. Total: 4020
2024-09-16 17:39:01.900 | WARNING  | __main__:save_to_database:143 - Symbol GC=F not found in the database. Skipping.
2024-09-16 17:39:01.966 | SUCCESS  | __main__:save_to_database:153 - Committed 10 posts to the database
2024-09-16 17:39:01.967 | SUCCESS  | __main__:make_api_calls:172 - Retrieved and saved 10 posts. Total: 4030
2024-09-16 17:39:05.576 | WARNING  | __main__:save_to_database:143 - Symbol HNXINDEX not found in the database. Skipping.
2024-09-16 17:39:05.576 | WARNING  | __main__:save_to_database:143 - Symbol UPINDEX not found in the database. Skipping.
2024-09-16 17:39:05.577 | WARNING  | __main__:save_to_database:143 - Symbol VNINDEX not found in the database. Skipping.
2024-09-16 17:39:05.610 | SUCCESS  | __main__:save_to_database:153 - Committed 10 posts to the database
2024-09-16 17:39:05.611 | SUCCESS  | __main__:make_api_calls:172 - Retrieved and saved 10 posts. Total: 4040
2024-09-16 17:39:09.843 | SUCCESS  | __main__:save_to_database:153 - Committed 10 posts to the database
2024-09-16 17:39:09.845 | SUCCESS  | __main__:make_api_calls:172 - Retrieved and saved 10 posts. Total: 4050
2024-09-16 17:39:15.953 | SUCCESS  | __main__:save_to_database:153 - Committed 10 posts to the database
2024-09-16 17:39:15.954 | SUCCESS  | __main__:make_api_calls:172 - Retrieved and saved 10 posts. Total: 4060
2024-09-16 17:39:18.100 | WARNING  | __main__:save_to_database:143 - Symbol HNXINDEX not found in the database. Skipping.
2024-09-16 17:39:18.101 | WARNING  | __main__:save_to_database:143 - Symbol UPINDEX not found in the database. Skipping.
2024-09-16 17:39:18.101 | WARNING  | __main__:save_to_database:143 - Symbol VNINDEX not found in the database. Skipping.
2024-09-16 17:39:18.168 | SUCCESS  | __main__:save_to_database:153 - Committed 10 posts to the database
2024-09-16 17:39:18.168 | SUCCESS  | __main__:make_api_calls:172 - Retrieved and saved 10 posts. Total: 4070
2024-09-16 17:39:20.431 | SUCCESS  | __main__:save_to_database:153 - Committed 10 posts to the database
2024-09-16 17:39:20.432 | SUCCESS  | __main__:make_api_calls:172 - Retrieved and saved 10 posts. Total: 4080
2024-09-16 17:39:22.249 | SUCCESS  | __main__:save_to_database:153 - Committed 10 posts to the database
2024-09-16 17:39:22.250 | SUCCESS  | __main__:make_api_calls:172 - Retrieved and saved 10 posts. Total: 4090
2024-09-16 17:39:25.225 | SUCCESS  | __main__:save_to_database:153 - Committed 10 posts to the database
2024-09-16 17:39:25.226 | SUCCESS  | __main__:make_api_calls:172 - Retrieved and saved 10 posts. Total: 4100
2024-09-16 17:39:28.293 | SUCCESS  | __main__:save_to_database:153 - Committed 10 posts to the database
2024-09-16 17:39:28.293 | SUCCESS  | __main__:make_api_calls:172 - Retrieved and saved 10 posts. Total: 4110
2024-09-16 17:39:30.085 | SUCCESS  | __main__:save_to_database:153 - Committed 10 posts to the database
2024-09-16 17:39:30.086 | SUCCESS  | __main__:make_api_calls:172 - Retrieved and saved 10 posts. Total: 4120
2024-09-16 17:39:31.584 | WARNING  | __main__:save_to_database:143 - Symbol HNXINDEX not found in the database. Skipping.
2024-09-16 17:39:31.585 | WARNING  | __main__:save_to_database:143 - Symbol UPINDEX not found in the database. Skipping.
2024-09-16 17:39:31.585 | WARNING  | __main__:save_to_database:143 - Symbol VN30F1M not found in the database. Skipping.
2024-09-16 17:39:31.586 | WARNING  | __main__:save_to_database:143 - Symbol VNINDEX not found in the database. Skipping.
2024-09-16 17:39:31.609 | WARNING  | __main__:save_to_database:143 - Symbol HNXINDEX not found in the database. Skipping.
2024-09-16 17:39:31.610 | WARNING  | __main__:save_to_database:143 - Symbol UPINDEX not found in the database. Skipping.
2024-09-16 17:39:31.610 | WARNING  | __main__:save_to_database:143 - Symbol VN30F1M not found in the database. Skipping.
2024-09-16 17:39:31.611 | WARNING  | __main__:save_to_database:143 - Symbol VNINDEX not found in the database. Skipping.
2024-09-16 17:39:31.641 | WARNING  | __main__:save_to_database:143 - Symbol ^HSI not found in the database. Skipping.
2024-09-16 17:39:31.642 | WARNING  | __main__:save_to_database:143 - Symbol ^KS11 not found in the database. Skipping.
2024-09-16 17:39:31.642 | WARNING  | __main__:save_to_database:143 - Symbol ^N225 not found in the database. Skipping.
2024-09-16 17:39:31.702 | SUCCESS  | __main__:save_to_database:153 - Committed 10 posts to the database
2024-09-16 17:39:31.704 | SUCCESS  | __main__:make_api_calls:172 - Retrieved and saved 10 posts. Total: 4130
2024-09-16 17:39:36.088 | WARNING  | __main__:save_to_database:143 - Symbol ^HSI not found in the database. Skipping.
2024-09-16 17:39:36.089 | WARNING  | __main__:save_to_database:143 - Symbol ^KS11 not found in the database. Skipping.
2024-09-16 17:39:36.089 | WARNING  | __main__:save_to_database:143 - Symbol ^N225 not found in the database. Skipping.
2024-09-16 17:39:36.171 | SUCCESS  | __main__:save_to_database:153 - Committed 10 posts to the database
2024-09-16 17:39:36.172 | SUCCESS  | __main__:make_api_calls:172 - Retrieved and saved 10 posts. Total: 4140
2024-09-16 17:39:41.249 | WARNING  | __main__:save_to_database:143 - Symbol HNXINDEX not found in the database. Skipping.
2024-09-16 17:39:41.250 | WARNING  | __main__:save_to_database:143 - Symbol UPINDEX not found in the database. Skipping.
2024-09-16 17:39:41.250 | WARNING  | __main__:save_to_database:143 - Symbol VNINDEX not found in the database. Skipping.
2024-09-16 17:39:41.389 | SUCCESS  | __main__:save_to_database:153 - Committed 10 posts to the database
2024-09-16 17:39:41.390 | SUCCESS  | __main__:make_api_calls:172 - Retrieved and saved 10 posts. Total: 4150
2024-09-16 17:39:44.807 | SUCCESS  | __main__:save_to_database:153 - Committed 10 posts to the database
2024-09-16 17:39:44.808 | SUCCESS  | __main__:make_api_calls:172 - Retrieved and saved 10 posts. Total: 4160
2024-09-16 17:39:50.001 | SUCCESS  | __main__:save_to_database:153 - Committed 10 posts to the database
2024-09-16 17:39:50.002 | SUCCESS  | __main__:make_api_calls:172 - Retrieved and saved 10 posts. Total: 4170
2024-09-16 17:39:51.976 | WARNING  | __main__:save_to_database:143 - Symbol GC=F not found in the database. Skipping.
2024-09-16 17:39:52.134 | SUCCESS  | __main__:save_to_database:153 - Committed 10 posts to the database
2024-09-16 17:39:52.136 | SUCCESS  | __main__:make_api_calls:172 - Retrieved and saved 10 posts. Total: 4180
2024-09-16 17:39:55.052 | SUCCESS  | __main__:save_to_database:153 - Committed 10 posts to the database
2024-09-16 17:39:55.053 | SUCCESS  | __main__:make_api_calls:172 - Retrieved and saved 10 posts. Total: 4190
2024-09-16 17:39:59.853 | SUCCESS  | __main__:save_to_database:153 - Committed 10 posts to the database
2024-09-16 17:39:59.854 | SUCCESS  | __main__:make_api_calls:172 - Retrieved and saved 10 posts. Total: 4200
2024-09-16 17:40:03.921 | WARNING  | __main__:save_to_database:143 - Symbol BZ=F not found in the database. Skipping.
2024-09-16 17:40:03.921 | WARNING  | __main__:save_to_database:143 - Symbol CL=F not found in the database. Skipping.
2024-09-16 17:40:03.921 | WARNING  | __main__:save_to_database:143 - Symbol SI=F not found in the database. Skipping.
2024-09-16 17:40:03.942 | WARNING  | __main__:save_to_database:143 - Symbol HNXINDEX not found in the database. Skipping.
2024-09-16 17:40:03.949 | WARNING  | __main__:save_to_database:143 - Symbol UPINDEX not found in the database. Skipping.
2024-09-16 17:40:03.950 | WARNING  | __main__:save_to_database:143 - Symbol VN30F1M not found in the database. Skipping.
2024-09-16 17:40:03.951 | WARNING  | __main__:save_to_database:143 - Symbol VNINDEX not found in the database. Skipping.
2024-09-16 17:40:03.989 | SUCCESS  | __main__:save_to_database:153 - Committed 10 posts to the database
2024-09-16 17:40:03.990 | SUCCESS  | __main__:make_api_calls:172 - Retrieved and saved 10 posts. Total: 4210
2024-09-16 17:40:06.103 | WARNING  | __main__:save_to_database:143 - Symbol VN30 not found in the database. Skipping.
2024-09-16 17:40:06.103 | WARNING  | __main__:save_to_database:143 - Symbol VNINDEX not found in the database. Skipping.
2024-09-16 17:40:06.219 | SUCCESS  | __main__:save_to_database:153 - Committed 10 posts to the database
2024-09-16 17:40:06.219 | SUCCESS  | __main__:make_api_calls:172 - Retrieved and saved 10 posts. Total: 4220
2024-09-16 17:40:08.385 | SUCCESS  | __main__:save_to_database:153 - Committed 10 posts to the database
2024-09-16 17:40:08.385 | SUCCESS  | __main__:make_api_calls:172 - Retrieved and saved 10 posts. Total: 4230
2024-09-16 17:40:11.931 | SUCCESS  | __main__:save_to_database:153 - Committed 10 posts to the database
2024-09-16 17:40:11.931 | SUCCESS  | __main__:make_api_calls:172 - Retrieved and saved 10 posts. Total: 4240
2024-09-16 17:40:17.420 | SUCCESS  | __main__:save_to_database:153 - Committed 10 posts to the database
2024-09-16 17:40:17.420 | SUCCESS  | __main__:make_api_calls:172 - Retrieved and saved 10 posts. Total: 4250
2024-09-16 17:40:19.390 | WARNING  | __main__:save_to_database:143 - Symbol HNX30 not found in the database. Skipping.
2024-09-16 17:40:19.390 | WARNING  | __main__:save_to_database:143 - Symbol HNXINDEX not found in the database. Skipping.
2024-09-16 17:40:19.390 | WARNING  | __main__:save_to_database:143 - Symbol UPINDEX not found in the database. Skipping.
2024-09-16 17:40:19.390 | WARNING  | __main__:save_to_database:143 - Symbol VN30 not found in the database. Skipping.
2024-09-16 17:40:19.390 | WARNING  | __main__:save_to_database:143 - Symbol VNINDEX not found in the database. Skipping.
2024-09-16 17:40:19.442 | SUCCESS  | __main__:save_to_database:153 - Committed 10 posts to the database
2024-09-16 17:40:19.442 | SUCCESS  | __main__:make_api_calls:172 - Retrieved and saved 10 posts. Total: 4260
2024-09-16 17:40:25.054 | WARNING  | __main__:save_to_database:143 - Symbol GC=F not found in the database. Skipping.
2024-09-16 17:40:25.072 | WARNING  | __main__:save_to_database:143 - Symbol ^HSI not found in the database. Skipping.
2024-09-16 17:40:25.072 | WARNING  | __main__:save_to_database:143 - Symbol ^KS11 not found in the database. Skipping.
2024-09-16 17:40:25.072 | WARNING  | __main__:save_to_database:143 - Symbol ^N225 not found in the database. Skipping.
2024-09-16 17:40:25.196 | SUCCESS  | __main__:save_to_database:153 - Committed 10 posts to the database
2024-09-16 17:40:25.197 | SUCCESS  | __main__:make_api_calls:172 - Retrieved and saved 10 posts. Total: 4270
2024-09-16 17:40:30.266 | WARNING  | __main__:save_to_database:143 - Symbol ^DJI not found in the database. Skipping.
2024-09-16 17:40:30.266 | WARNING  | __main__:save_to_database:143 - Symbol ^GSPC not found in the database. Skipping.
2024-09-16 17:40:30.266 | WARNING  | __main__:save_to_database:143 - Symbol ^IXIC not found in the database. Skipping.
2024-09-16 17:40:30.282 | SUCCESS  | __main__:save_to_database:153 - Committed 10 posts to the database
2024-09-16 17:40:30.282 | SUCCESS  | __main__:make_api_calls:172 - Retrieved and saved 10 posts. Total: 4280
2024-09-16 17:40:32.625 | WARNING  | __main__:save_to_database:143 - Symbol USD-VND not found in the database. Skipping.
2024-09-16 17:40:32.651 | WARNING  | __main__:save_to_database:143 - Symbol BZ=F not found in the database. Skipping.
2024-09-16 17:40:32.652 | WARNING  | __main__:save_to_database:143 - Symbol CL=F not found in the database. Skipping.
2024-09-16 17:40:32.652 | WARNING  | __main__:save_to_database:143 - Symbol SI=F not found in the database. Skipping.
2024-09-16 17:40:32.678 | WARNING  | __main__:save_to_database:143 - Symbol KCEU23 not found in the database. Skipping.
2024-09-16 17:40:32.678 | WARNING  | __main__:save_to_database:143 - Symbol LRCK23 not found in the database. Skipping.
2024-09-16 17:40:32.732 | SUCCESS  | __main__:save_to_database:153 - Committed 10 posts to the database
2024-09-16 17:40:32.733 | SUCCESS  | __main__:make_api_calls:172 - Retrieved and saved 10 posts. Total: 4290
2024-09-16 17:40:34.773 | WARNING  | __main__:save_to_database:143 - Symbol GC=F not found in the database. Skipping.
2024-09-16 17:40:34.869 | SUCCESS  | __main__:save_to_database:153 - Committed 10 posts to the database
2024-09-16 17:40:34.869 | SUCCESS  | __main__:make_api_calls:172 - Retrieved and saved 10 posts. Total: 4300
2024-09-16 17:40:36.675 | SUCCESS  | __main__:save_to_database:153 - Committed 10 posts to the database
2024-09-16 17:40:36.675 | SUCCESS  | __main__:make_api_calls:172 - Retrieved and saved 10 posts. Total: 4310
2024-09-16 17:40:38.650 | WARNING  | __main__:save_to_database:143 - Symbol HNXINDEX not found in the database. Skipping.
2024-09-16 17:40:38.651 | WARNING  | __main__:save_to_database:143 - Symbol UPINDEX not found in the database. Skipping.
2024-09-16 17:40:38.651 | WARNING  | __main__:save_to_database:143 - Symbol VN30F1M not found in the database. Skipping.
2024-09-16 17:40:38.651 | WARNING  | __main__:save_to_database:143 - Symbol VNINDEX not found in the database. Skipping.
2024-09-16 17:40:38.720 | SUCCESS  | __main__:save_to_database:153 - Committed 10 posts to the database
2024-09-16 17:40:38.721 | SUCCESS  | __main__:make_api_calls:172 - Retrieved and saved 10 posts. Total: 4320
2024-09-16 17:40:41.534 | WARNING  | __main__:save_to_database:143 - Symbol HNXINDEX not found in the database. Skipping.
2024-09-16 17:40:41.534 | WARNING  | __main__:save_to_database:143 - Symbol UPINDEX not found in the database. Skipping.
2024-09-16 17:40:41.534 | WARNING  | __main__:save_to_database:143 - Symbol VN30F1M not found in the database. Skipping.
2024-09-16 17:40:41.535 | WARNING  | __main__:save_to_database:143 - Symbol VNINDEX not found in the database. Skipping.
2024-09-16 17:40:41.617 | SUCCESS  | __main__:save_to_database:153 - Committed 10 posts to the database
2024-09-16 17:40:41.617 | SUCCESS  | __main__:make_api_calls:172 - Retrieved and saved 10 posts. Total: 4330
2024-09-16 17:40:44.377 | WARNING  | __main__:save_to_database:143 - Symbol HNXINDEX not found in the database. Skipping.
2024-09-16 17:40:44.377 | WARNING  | __main__:save_to_database:143 - Symbol UPINDEX not found in the database. Skipping.
2024-09-16 17:40:44.377 | WARNING  | __main__:save_to_database:143 - Symbol VN30F1M not found in the database. Skipping.
2024-09-16 17:40:44.378 | WARNING  | __main__:save_to_database:143 - Symbol VNINDEX not found in the database. Skipping.
2024-09-16 17:40:44.446 | SUCCESS  | __main__:save_to_database:153 - Committed 10 posts to the database
2024-09-16 17:40:44.447 | SUCCESS  | __main__:make_api_calls:172 - Retrieved and saved 10 posts. Total: 4340
2024-09-16 17:40:46.595 | WARNING  | __main__:save_to_database:143 - Symbol GC=F not found in the database. Skipping.
2024-09-16 17:40:46.706 | SUCCESS  | __main__:save_to_database:153 - Committed 10 posts to the database
2024-09-16 17:40:46.707 | SUCCESS  | __main__:make_api_calls:172 - Retrieved and saved 10 posts. Total: 4350
2024-09-16 17:40:50.595 | SUCCESS  | __main__:save_to_database:153 - Committed 10 posts to the database
2024-09-16 17:40:50.595 | SUCCESS  | __main__:make_api_calls:172 - Retrieved and saved 10 posts. Total: 4360
2024-09-16 17:40:54.048 | WARNING  | __main__:save_to_database:143 - Symbol HNXINDEX not found in the database. Skipping.
2024-09-16 17:40:54.048 | WARNING  | __main__:save_to_database:143 - Symbol UPINDEX not found in the database. Skipping.
2024-09-16 17:40:54.049 | WARNING  | __main__:save_to_database:143 - Symbol VN30F1M not found in the database. Skipping.
2024-09-16 17:40:54.049 | WARNING  | __main__:save_to_database:143 - Symbol VNINDEX not found in the database. Skipping.
2024-09-16 17:40:54.170 | SUCCESS  | __main__:save_to_database:153 - Committed 10 posts to the database
2024-09-16 17:40:54.170 | SUCCESS  | __main__:make_api_calls:172 - Retrieved and saved 10 posts. Total: 4370
2024-09-16 17:40:58.117 | SUCCESS  | __main__:save_to_database:153 - Committed 10 posts to the database
2024-09-16 17:40:58.118 | SUCCESS  | __main__:make_api_calls:172 - Retrieved and saved 10 posts. Total: 4380
2024-09-16 17:41:00.186 | SUCCESS  | __main__:save_to_database:153 - Committed 10 posts to the database
2024-09-16 17:41:00.186 | SUCCESS  | __main__:make_api_calls:172 - Retrieved and saved 10 posts. Total: 4390
2024-09-16 17:41:03.871 | SUCCESS  | __main__:save_to_database:153 - Committed 10 posts to the database
2024-09-16 17:41:03.872 | SUCCESS  | __main__:make_api_calls:172 - Retrieved and saved 10 posts. Total: 4400
2024-09-16 17:41:05.987 | SUCCESS  | __main__:save_to_database:153 - Committed 10 posts to the database
2024-09-16 17:41:05.988 | SUCCESS  | __main__:make_api_calls:172 - Retrieved and saved 10 posts. Total: 4410
2024-09-16 17:41:08.930 | SUCCESS  | __main__:save_to_database:153 - Committed 10 posts to the database
2024-09-16 17:41:08.931 | SUCCESS  | __main__:make_api_calls:172 - Retrieved and saved 10 posts. Total: 4420
2024-09-16 17:41:11.335 | SUCCESS  | __main__:save_to_database:153 - Committed 10 posts to the database
2024-09-16 17:41:11.335 | SUCCESS  | __main__:make_api_calls:172 - Retrieved and saved 10 posts. Total: 4430
2024-09-16 17:41:13.532 | SUCCESS  | __main__:save_to_database:153 - Committed 10 posts to the database
2024-09-16 17:41:13.533 | SUCCESS  | __main__:make_api_calls:172 - Retrieved and saved 10 posts. Total: 4440
2024-09-16 17:41:19.059 | SUCCESS  | __main__:save_to_database:153 - Committed 10 posts to the database
2024-09-16 17:41:19.060 | SUCCESS  | __main__:make_api_calls:172 - Retrieved and saved 10 posts. Total: 4450
2024-09-16 17:41:24.578 | SUCCESS  | __main__:save_to_database:153 - Committed 10 posts to the database
2024-09-16 17:41:24.579 | SUCCESS  | __main__:make_api_calls:172 - Retrieved and saved 10 posts. Total: 4460
2024-09-16 17:41:26.288 | SUCCESS  | __main__:save_to_database:153 - Committed 10 posts to the database
2024-09-16 17:41:26.289 | SUCCESS  | __main__:make_api_calls:172 - Retrieved and saved 10 posts. Total: 4470
2024-09-16 17:41:30.531 | SUCCESS  | __main__:save_to_database:153 - Committed 10 posts to the database
2024-09-16 17:41:30.533 | SUCCESS  | __main__:make_api_calls:172 - Retrieved and saved 10 posts. Total: 4480
2024-09-16 17:41:35.115 | SUCCESS  | __main__:save_to_database:153 - Committed 10 posts to the database
2024-09-16 17:41:35.116 | SUCCESS  | __main__:make_api_calls:172 - Retrieved and saved 10 posts. Total: 4490
2024-09-16 17:41:38.916 | SUCCESS  | __main__:save_to_database:153 - Committed 10 posts to the database
2024-09-16 17:41:38.917 | SUCCESS  | __main__:make_api_calls:172 - Retrieved and saved 10 posts. Total: 4500
2024-09-16 17:41:42.260 | SUCCESS  | __main__:save_to_database:153 - Committed 10 posts to the database
2024-09-16 17:41:42.261 | SUCCESS  | __main__:make_api_calls:172 - Retrieved and saved 10 posts. Total: 4510
2024-09-16 17:41:44.701 | SUCCESS  | __main__:save_to_database:153 - Committed 10 posts to the database
2024-09-16 17:41:44.702 | SUCCESS  | __main__:make_api_calls:172 - Retrieved and saved 10 posts. Total: 4520
2024-09-16 17:41:46.404 | WARNING  | __main__:save_to_database:143 - Symbol HNXINDEX not found in the database. Skipping.
2024-09-16 17:41:46.405 | WARNING  | __main__:save_to_database:143 - Symbol UPINDEX not found in the database. Skipping.
2024-09-16 17:41:46.405 | WARNING  | __main__:save_to_database:143 - Symbol VN30F1M not found in the database. Skipping.
2024-09-16 17:41:46.405 | WARNING  | __main__:save_to_database:143 - Symbol VNINDEX not found in the database. Skipping.
2024-09-16 17:41:46.424 | WARNING  | __main__:save_to_database:143 - Symbol GC=F not found in the database. Skipping.
2024-09-16 17:41:46.510 | SUCCESS  | __main__:save_to_database:153 - Committed 10 posts to the database
2024-09-16 17:41:46.511 | SUCCESS  | __main__:make_api_calls:172 - Retrieved and saved 10 posts. Total: 4530
2024-09-16 17:41:50.639 | SUCCESS  | __main__:save_to_database:153 - Committed 10 posts to the database
2024-09-16 17:41:50.639 | SUCCESS  | __main__:make_api_calls:172 - Retrieved and saved 10 posts. Total: 4540
2024-09-16 17:41:54.887 | SUCCESS  | __main__:save_to_database:153 - Committed 10 posts to the database
2024-09-16 17:41:54.888 | SUCCESS  | __main__:make_api_calls:172 - Retrieved and saved 10 posts. Total: 4550
2024-09-16 17:41:59.941 | SUCCESS  | __main__:save_to_database:153 - Committed 10 posts to the database
2024-09-16 17:41:59.943 | SUCCESS  | __main__:make_api_calls:172 - Retrieved and saved 10 posts. Total: 4560
2024-09-16 17:42:04.135 | SUCCESS  | __main__:save_to_database:153 - Committed 10 posts to the database
2024-09-16 17:42:04.136 | SUCCESS  | __main__:make_api_calls:172 - Retrieved and saved 10 posts. Total: 4570
2024-09-16 17:42:06.303 | SUCCESS  | __main__:save_to_database:153 - Committed 10 posts to the database
2024-09-16 17:42:06.303 | SUCCESS  | __main__:make_api_calls:172 - Retrieved and saved 10 posts. Total: 4580
2024-09-16 17:42:10.934 | WARNING  | __main__:save_to_database:143 - Symbol BZ=F not found in the database. Skipping.
2024-09-16 17:42:10.935 | WARNING  | __main__:save_to_database:143 - Symbol CL=F not found in the database. Skipping.
2024-09-16 17:42:10.935 | WARNING  | __main__:save_to_database:143 - Symbol SI=F not found in the database. Skipping.
2024-09-16 17:42:11.030 | SUCCESS  | __main__:save_to_database:153 - Committed 10 posts to the database
2024-09-16 17:42:11.031 | SUCCESS  | __main__:make_api_calls:172 - Retrieved and saved 10 posts. Total: 4590
2024-09-16 17:42:14.645 | WARNING  | __main__:save_to_database:143 - Symbol HNXINDEX not found in the database. Skipping.
2024-09-16 17:42:14.645 | WARNING  | __main__:save_to_database:143 - Symbol UPINDEX not found in the database. Skipping.
2024-09-16 17:42:14.646 | WARNING  | __main__:save_to_database:143 - Symbol VN30F1M not found in the database. Skipping.
2024-09-16 17:42:14.646 | WARNING  | __main__:save_to_database:143 - Symbol VNINDEX not found in the database. Skipping.
2024-09-16 17:42:14.671 | WARNING  | __main__:save_to_database:143 - Symbol USD-VND not found in the database. Skipping.
2024-09-16 17:42:14.680 | WARNING  | __main__:save_to_database:143 - Symbol KCEU23 not found in the database. Skipping.
2024-09-16 17:42:14.681 | WARNING  | __main__:save_to_database:143 - Symbol LRCK23 not found in the database. Skipping.
2024-09-16 17:42:14.764 | SUCCESS  | __main__:save_to_database:153 - Committed 10 posts to the database
2024-09-16 17:42:14.765 | SUCCESS  | __main__:make_api_calls:172 - Retrieved and saved 10 posts. Total: 4600
2024-09-16 17:42:18.588 | WARNING  | __main__:save_to_database:143 - Symbol GC=F not found in the database. Skipping.
2024-09-16 17:42:18.640 | WARNING  | __main__:save_to_database:143 - Symbol HNXINDEX not found in the database. Skipping.
2024-09-16 17:42:18.640 | WARNING  | __main__:save_to_database:143 - Symbol UPINDEX not found in the database. Skipping.
2024-09-16 17:42:18.641 | WARNING  | __main__:save_to_database:143 - Symbol VN30F1M not found in the database. Skipping.
2024-09-16 17:42:18.641 | WARNING  | __main__:save_to_database:143 - Symbol VNINDEX not found in the database. Skipping.
2024-09-16 17:42:18.690 | SUCCESS  | __main__:save_to_database:153 - Committed 10 posts to the database
2024-09-16 17:42:18.691 | SUCCESS  | __main__:make_api_calls:172 - Retrieved and saved 10 posts. Total: 4610
2024-09-16 17:42:25.985 | SUCCESS  | __main__:save_to_database:153 - Committed 10 posts to the database
2024-09-16 17:42:25.986 | SUCCESS  | __main__:make_api_calls:172 - Retrieved and saved 10 posts. Total: 4620
2024-09-16 17:42:30.072 | WARNING  | __main__:save_to_database:143 - Symbol HNXINDEX not found in the database. Skipping.
2024-09-16 17:42:30.072 | WARNING  | __main__:save_to_database:143 - Symbol UPINDEX not found in the database. Skipping.
2024-09-16 17:42:30.073 | WARNING  | __main__:save_to_database:143 - Symbol VN30F1M not found in the database. Skipping.
2024-09-16 17:42:30.073 | WARNING  | __main__:save_to_database:143 - Symbol VNINDEX not found in the database. Skipping.
2024-09-16 17:42:30.102 | WARNING  | __main__:save_to_database:143 - Symbol GC=F not found in the database. Skipping.
2024-09-16 17:42:30.142 | SUCCESS  | __main__:save_to_database:153 - Committed 10 posts to the database
2024-09-16 17:42:30.144 | SUCCESS  | __main__:make_api_calls:172 - Retrieved and saved 10 posts. Total: 4630
2024-09-16 17:42:34.321 | SUCCESS  | __main__:save_to_database:153 - Committed 10 posts to the database
2024-09-16 17:42:34.322 | SUCCESS  | __main__:make_api_calls:172 - Retrieved and saved 10 posts. Total: 4640
2024-09-16 17:42:39.123 | WARNING  | __main__:save_to_database:143 - Symbol KCEU23 not found in the database. Skipping.
2024-09-16 17:42:39.124 | WARNING  | __main__:save_to_database:143 - Symbol LRCK23 not found in the database. Skipping.
2024-09-16 17:42:39.165 | SUCCESS  | __main__:save_to_database:153 - Committed 10 posts to the database
2024-09-16 17:42:39.165 | SUCCESS  | __main__:make_api_calls:172 - Retrieved and saved 10 posts. Total: 4650
2024-09-16 17:42:41.105 | SUCCESS  | __main__:save_to_database:153 - Committed 10 posts to the database
2024-09-16 17:42:41.106 | SUCCESS  | __main__:make_api_calls:172 - Retrieved and saved 10 posts. Total: 4660
2024-09-16 17:42:43.388 | WARNING  | __main__:save_to_database:143 - Symbol ^HSI not found in the database. Skipping.
2024-09-16 17:42:43.388 | WARNING  | __main__:save_to_database:143 - Symbol ^KS11 not found in the database. Skipping.
2024-09-16 17:42:43.389 | WARNING  | __main__:save_to_database:143 - Symbol ^N225 not found in the database. Skipping.
2024-09-16 17:42:43.389 | WARNING  | __main__:save_to_database:143 - Symbol BZ=F not found in the database. Skipping.
2024-09-16 17:42:43.389 | WARNING  | __main__:save_to_database:143 - Symbol GC=F not found in the database. Skipping.
2024-09-16 17:42:43.458 | SUCCESS  | __main__:save_to_database:153 - Committed 10 posts to the database
2024-09-16 17:42:43.459 | SUCCESS  | __main__:make_api_calls:172 - Retrieved and saved 10 posts. Total: 4670
2024-09-16 17:42:47.548 | SUCCESS  | __main__:save_to_database:153 - Committed 10 posts to the database
2024-09-16 17:42:47.549 | SUCCESS  | __main__:make_api_calls:172 - Retrieved and saved 10 posts. Total: 4680
2024-09-16 17:42:51.628 | SUCCESS  | __main__:save_to_database:153 - Committed 10 posts to the database
2024-09-16 17:42:51.629 | SUCCESS  | __main__:make_api_calls:172 - Retrieved and saved 10 posts. Total: 4690
2024-09-16 17:42:53.578 | WARNING  | __main__:save_to_database:143 - Symbol HNX30 not found in the database. Skipping.
2024-09-16 17:42:53.579 | WARNING  | __main__:save_to_database:143 - Symbol HNXINDEX not found in the database. Skipping.
2024-09-16 17:42:53.579 | WARNING  | __main__:save_to_database:143 - Symbol UPINDEX not found in the database. Skipping.
2024-09-16 17:42:53.579 | WARNING  | __main__:save_to_database:143 - Symbol VN30 not found in the database. Skipping.
2024-09-16 17:42:53.580 | WARNING  | __main__:save_to_database:143 - Symbol VNINDEX not found in the database. Skipping.
2024-09-16 17:42:53.645 | SUCCESS  | __main__:save_to_database:153 - Committed 10 posts to the database
2024-09-16 17:42:53.646 | SUCCESS  | __main__:make_api_calls:172 - Retrieved and saved 10 posts. Total: 4700
2024-09-16 17:42:58.647 | WARNING  | __main__:save_to_database:143 - Symbol VNINDEX not found in the database. Skipping.
2024-09-16 17:42:58.730 | SUCCESS  | __main__:save_to_database:153 - Committed 10 posts to the database
2024-09-16 17:42:58.731 | SUCCESS  | __main__:make_api_calls:172 - Retrieved and saved 10 posts. Total: 4710
2024-09-16 17:43:00.519 | SUCCESS  | __main__:save_to_database:153 - Committed 10 posts to the database
2024-09-16 17:43:00.521 | SUCCESS  | __main__:make_api_calls:172 - Retrieved and saved 10 posts. Total: 4720
2024-09-16 17:43:04.966 | SUCCESS  | __main__:save_to_database:153 - Committed 10 posts to the database
2024-09-16 17:43:04.967 | SUCCESS  | __main__:make_api_calls:172 - Retrieved and saved 10 posts. Total: 4730
2024-09-16 17:43:08.011 | WARNING  | __main__:save_to_database:143 - Symbol HNXINDEX not found in the database. Skipping.
2024-09-16 17:43:08.012 | WARNING  | __main__:save_to_database:143 - Symbol UPINDEX not found in the database. Skipping.
2024-09-16 17:43:08.012 | WARNING  | __main__:save_to_database:143 - Symbol VNINDEX not found in the database. Skipping.
2024-09-16 17:43:08.126 | SUCCESS  | __main__:save_to_database:153 - Committed 10 posts to the database
2024-09-16 17:43:08.127 | SUCCESS  | __main__:make_api_calls:172 - Retrieved and saved 10 posts. Total: 4740
2024-09-16 17:43:12.995 | SUCCESS  | __main__:save_to_database:153 - Committed 10 posts to the database
2024-09-16 17:43:12.996 | SUCCESS  | __main__:make_api_calls:172 - Retrieved and saved 10 posts. Total: 4750
2024-09-16 17:43:14.795 | SUCCESS  | __main__:save_to_database:153 - Committed 10 posts to the database
2024-09-16 17:43:14.796 | SUCCESS  | __main__:make_api_calls:172 - Retrieved and saved 10 posts. Total: 4760
2024-09-16 17:43:17.980 | SUCCESS  | __main__:save_to_database:153 - Committed 10 posts to the database
2024-09-16 17:43:17.981 | SUCCESS  | __main__:make_api_calls:172 - Retrieved and saved 10 posts. Total: 4770
2024-09-16 17:43:22.609 | WARNING  | __main__:save_to_database:143 - Symbol HNXINDEX not found in the database. Skipping.
2024-09-16 17:43:22.609 | WARNING  | __main__:save_to_database:143 - Symbol UPINDEX not found in the database. Skipping.
2024-09-16 17:43:22.610 | WARNING  | __main__:save_to_database:143 - Symbol VNINDEX not found in the database. Skipping.
2024-09-16 17:43:22.660 | SUCCESS  | __main__:save_to_database:153 - Committed 10 posts to the database
2024-09-16 17:43:22.660 | SUCCESS  | __main__:make_api_calls:172 - Retrieved and saved 10 posts. Total: 4780
2024-09-16 17:43:26.457 | SUCCESS  | __main__:save_to_database:153 - Committed 10 posts to the database
2024-09-16 17:43:26.459 | SUCCESS  | __main__:make_api_calls:172 - Retrieved and saved 10 posts. Total: 4790
2024-09-16 17:43:31.050 | SUCCESS  | __main__:save_to_database:153 - Committed 10 posts to the database
2024-09-16 17:43:31.050 | SUCCESS  | __main__:make_api_calls:172 - Retrieved and saved 10 posts. Total: 4800
2024-09-16 17:43:34.466 | SUCCESS  | __main__:save_to_database:153 - Committed 10 posts to the database
2024-09-16 17:43:34.467 | SUCCESS  | __main__:make_api_calls:172 - Retrieved and saved 10 posts. Total: 4810
2024-09-16 17:43:39.365 | WARNING  | __main__:save_to_database:143 - Symbol ^HSI not found in the database. Skipping.
2024-09-16 17:43:39.366 | WARNING  | __main__:save_to_database:143 - Symbol ^KS11 not found in the database. Skipping.
2024-09-16 17:43:39.366 | WARNING  | __main__:save_to_database:143 - Symbol ^N225 not found in the database. Skipping.
2024-09-16 17:43:39.422 | SUCCESS  | __main__:save_to_database:153 - Committed 10 posts to the database
2024-09-16 17:43:39.423 | SUCCESS  | __main__:make_api_calls:172 - Retrieved and saved 10 posts. Total: 4820
2024-09-16 17:43:44.117 | WARNING  | __main__:save_to_database:143 - Symbol HNXINDEX not found in the database. Skipping.
2024-09-16 17:43:44.118 | WARNING  | __main__:save_to_database:143 - Symbol UPINDEX not found in the database. Skipping.
2024-09-16 17:43:44.118 | WARNING  | __main__:save_to_database:143 - Symbol VN30F1M not found in the database. Skipping.
2024-09-16 17:43:44.118 | WARNING  | __main__:save_to_database:143 - Symbol VNINDEX not found in the database. Skipping.
2024-09-16 17:43:44.127 | WARNING  | __main__:save_to_database:143 - Symbol GC=F not found in the database. Skipping.
2024-09-16 17:43:44.178 | WARNING  | __main__:save_to_database:143 - Symbol USD-VND not found in the database. Skipping.
2024-09-16 17:43:44.236 | SUCCESS  | __main__:save_to_database:153 - Committed 10 posts to the database
2024-09-16 17:43:44.237 | SUCCESS  | __main__:make_api_calls:172 - Retrieved and saved 10 posts. Total: 4830
2024-09-16 17:43:45.912 | SUCCESS  | __main__:save_to_database:153 - Committed 10 posts to the database
2024-09-16 17:43:45.912 | SUCCESS  | __main__:make_api_calls:172 - Retrieved and saved 10 posts. Total: 4840
2024-09-16 17:43:47.561 | WARNING  | __main__:save_to_database:143 - Symbol KDF not found in the database. Skipping.
2024-09-16 17:43:47.562 | WARNING  | __main__:save_to_database:143 - Symbol TAC not found in the database. Skipping.
2024-09-16 17:43:47.629 | SUCCESS  | __main__:save_to_database:153 - Committed 10 posts to the database
2024-09-16 17:43:47.630 | SUCCESS  | __main__:make_api_calls:172 - Retrieved and saved 10 posts. Total: 4850
2024-09-16 17:43:50.362 | WARNING  | __main__:save_to_database:143 - Symbol US.VFS not found in the database. Skipping.
2024-09-16 17:43:50.409 | WARNING  | __main__:save_to_database:143 - Symbol HNXINDEX not found in the database. Skipping.
2024-09-16 17:43:50.409 | WARNING  | __main__:save_to_database:143 - Symbol UPINDEX not found in the database. Skipping.
2024-09-16 17:43:50.409 | WARNING  | __main__:save_to_database:143 - Symbol VN30F1M not found in the database. Skipping.
2024-09-16 17:43:50.409 | WARNING  | __main__:save_to_database:143 - Symbol VNINDEX not found in the database. Skipping.
2024-09-16 17:43:50.440 | WARNING  | __main__:save_to_database:143 - Symbol BZ=F not found in the database. Skipping.
2024-09-16 17:43:50.440 | WARNING  | __main__:save_to_database:143 - Symbol CL=F not found in the database. Skipping.
2024-09-16 17:43:50.440 | WARNING  | __main__:save_to_database:143 - Symbol SI=F not found in the database. Skipping.
2024-09-16 17:43:50.480 | SUCCESS  | __main__:save_to_database:153 - Committed 10 posts to the database
2024-09-16 17:43:50.481 | SUCCESS  | __main__:make_api_calls:172 - Retrieved and saved 10 posts. Total: 4860
2024-09-16 17:43:53.773 | SUCCESS  | __main__:save_to_database:153 - Committed 10 posts to the database
2024-09-16 17:43:53.774 | SUCCESS  | __main__:make_api_calls:172 - Retrieved and saved 10 posts. Total: 4870
2024-09-16 17:43:55.587 | WARNING  | __main__:save_to_database:143 - Symbol KCEU23 not found in the database. Skipping.
2024-09-16 17:43:55.587 | WARNING  | __main__:save_to_database:143 - Symbol LRCK23 not found in the database. Skipping.
2024-09-16 17:43:55.622 | WARNING  | __main__:save_to_database:143 - Symbol GC=F not found in the database. Skipping.
2024-09-16 17:43:55.687 | SUCCESS  | __main__:save_to_database:153 - Committed 10 posts to the database
2024-09-16 17:43:55.687 | SUCCESS  | __main__:make_api_calls:172 - Retrieved and saved 10 posts. Total: 4880
2024-09-16 17:44:00.233 | SUCCESS  | __main__:save_to_database:153 - Committed 10 posts to the database
2024-09-16 17:44:00.234 | SUCCESS  | __main__:make_api_calls:172 - Retrieved and saved 10 posts. Total: 4890
2024-09-16 17:44:03.929 | WARNING  | __main__:save_to_database:143 - Symbol GC=F not found in the database. Skipping.
2024-09-16 17:44:03.973 | SUCCESS  | __main__:save_to_database:153 - Committed 10 posts to the database
2024-09-16 17:44:03.974 | SUCCESS  | __main__:make_api_calls:172 - Retrieved and saved 10 posts. Total: 4900
2024-09-16 17:44:06.849 | SUCCESS  | __main__:save_to_database:153 - Committed 10 posts to the database
2024-09-16 17:44:06.850 | SUCCESS  | __main__:make_api_calls:172 - Retrieved and saved 10 posts. Total: 4910
2024-09-16 17:44:12.331 | WARNING  | __main__:save_to_database:143 - Symbol KCEU23 not found in the database. Skipping.
2024-09-16 17:44:12.331 | WARNING  | __main__:save_to_database:143 - Symbol LRCK23 not found in the database. Skipping.
2024-09-16 17:44:12.344 | WARNING  | __main__:save_to_database:143 - Symbol US.VFS not found in the database. Skipping.
2024-09-16 17:44:12.447 | SUCCESS  | __main__:save_to_database:153 - Committed 10 posts to the database
2024-09-16 17:44:12.448 | SUCCESS  | __main__:make_api_calls:172 - Retrieved and saved 10 posts. Total: 4920
2024-09-16 17:44:16.016 | WARNING  | __main__:save_to_database:143 - Symbol HNXINDEX not found in the database. Skipping.
2024-09-16 17:44:16.016 | WARNING  | __main__:save_to_database:143 - Symbol UPINDEX not found in the database. Skipping.
2024-09-16 17:44:16.017 | WARNING  | __main__:save_to_database:143 - Symbol VNINDEX not found in the database. Skipping.
2024-09-16 17:44:16.078 | SUCCESS  | __main__:save_to_database:153 - Committed 10 posts to the database
2024-09-16 17:44:16.079 | SUCCESS  | __main__:make_api_calls:172 - Retrieved and saved 10 posts. Total: 4930
2024-09-16 17:44:17.914 | WARNING  | __main__:save_to_database:143 - Symbol VNINDEX not found in the database. Skipping.
2024-09-16 17:44:18.004 | SUCCESS  | __main__:save_to_database:153 - Committed 10 posts to the database
2024-09-16 17:44:18.005 | SUCCESS  | __main__:make_api_calls:172 - Retrieved and saved 10 posts. Total: 4940
2024-09-16 17:44:25.498 | SUCCESS  | __main__:save_to_database:153 - Committed 10 posts to the database
2024-09-16 17:44:25.499 | SUCCESS  | __main__:make_api_calls:172 - Retrieved and saved 10 posts. Total: 4950
2024-09-16 17:44:27.560 | SUCCESS  | __main__:save_to_database:153 - Committed 10 posts to the database
2024-09-16 17:44:27.561 | SUCCESS  | __main__:make_api_calls:172 - Retrieved and saved 10 posts. Total: 4960
2024-09-16 17:44:32.934 | WARNING  | __main__:save_to_database:143 - Symbol HNX30 not found in the database. Skipping.
2024-09-16 17:44:32.935 | WARNING  | __main__:save_to_database:143 - Symbol HNXINDEX not found in the database. Skipping.
2024-09-16 17:44:32.935 | WARNING  | __main__:save_to_database:143 - Symbol UPINDEX not found in the database. Skipping.
2024-09-16 17:44:32.935 | WARNING  | __main__:save_to_database:143 - Symbol VN30 not found in the database. Skipping.
2024-09-16 17:44:32.936 | WARNING  | __main__:save_to_database:143 - Symbol VNINDEX not found in the database. Skipping.
2024-09-16 17:44:33.054 | SUCCESS  | __main__:save_to_database:153 - Committed 10 posts to the database
2024-09-16 17:44:33.055 | SUCCESS  | __main__:make_api_calls:172 - Retrieved and saved 10 posts. Total: 4970
2024-09-16 17:44:34.536 | WARNING  | __main__:save_to_database:143 - Symbol HNX30 not found in the database. Skipping.
2024-09-16 17:44:34.537 | WARNING  | __main__:save_to_database:143 - Symbol HNXINDEX not found in the database. Skipping.
2024-09-16 17:44:34.537 | WARNING  | __main__:save_to_database:143 - Symbol UPINDEX not found in the database. Skipping.
2024-09-16 17:44:34.538 | WARNING  | __main__:save_to_database:143 - Symbol VN30 not found in the database. Skipping.
2024-09-16 17:44:34.538 | WARNING  | __main__:save_to_database:143 - Symbol VNINDEX not found in the database. Skipping.
2024-09-16 17:44:34.646 | SUCCESS  | __main__:save_to_database:153 - Committed 10 posts to the database
2024-09-16 17:44:34.647 | SUCCESS  | __main__:make_api_calls:172 - Retrieved and saved 10 posts. Total: 4980
2024-09-16 17:44:39.870 | SUCCESS  | __main__:save_to_database:153 - Committed 10 posts to the database
2024-09-16 17:44:39.871 | SUCCESS  | __main__:make_api_calls:172 - Retrieved and saved 10 posts. Total: 4990
2024-09-16 17:44:44.978 | SUCCESS  | __main__:save_to_database:153 - Committed 10 posts to the database
2024-09-16 17:44:44.978 | SUCCESS  | __main__:make_api_calls:172 - Retrieved and saved 10 posts. Total: 5000
2024-09-16 17:44:48.075 | SUCCESS  | __main__:save_to_database:153 - Committed 10 posts to the database
2024-09-16 17:44:48.077 | SUCCESS  | __main__:make_api_calls:172 - Retrieved and saved 10 posts. Total: 5010
2024-09-16 17:44:49.907 | SUCCESS  | __main__:save_to_database:153 - Committed 10 posts to the database
2024-09-16 17:44:49.908 | SUCCESS  | __main__:make_api_calls:172 - Retrieved and saved 10 posts. Total: 5020
2024-09-16 17:44:55.140 | WARNING  | __main__:save_to_database:143 - Symbol VNINDEX not found in the database. Skipping.
2024-09-16 17:44:55.261 | SUCCESS  | __main__:save_to_database:153 - Committed 10 posts to the database
2024-09-16 17:44:55.262 | SUCCESS  | __main__:make_api_calls:172 - Retrieved and saved 10 posts. Total: 5030
2024-09-16 17:44:59.218 | SUCCESS  | __main__:save_to_database:153 - Committed 10 posts to the database
2024-09-16 17:44:59.218 | SUCCESS  | __main__:make_api_calls:172 - Retrieved and saved 10 posts. Total: 5040
2024-09-16 17:45:01.272 | SUCCESS  | __main__:save_to_database:153 - Committed 10 posts to the database
2024-09-16 17:45:01.273 | SUCCESS  | __main__:make_api_calls:172 - Retrieved and saved 10 posts. Total: 5050
2024-09-16 17:45:03.468 | WARNING  | __main__:save_to_database:143 - Symbol HNXINDEX not found in the database. Skipping.
2024-09-16 17:45:03.468 | WARNING  | __main__:save_to_database:143 - Symbol UPINDEX not found in the database. Skipping.
2024-09-16 17:45:03.468 | WARNING  | __main__:save_to_database:143 - Symbol VN30F1M not found in the database. Skipping.
2024-09-16 17:45:03.483 | WARNING  | __main__:save_to_database:143 - Symbol VNINDEX not found in the database. Skipping.
2024-09-16 17:45:03.483 | WARNING  | __main__:save_to_database:143 - Symbol HNXINDEX not found in the database. Skipping.
2024-09-16 17:45:03.483 | WARNING  | __main__:save_to_database:143 - Symbol UPINDEX not found in the database. Skipping.
2024-09-16 17:45:03.483 | WARNING  | __main__:save_to_database:143 - Symbol VN30F1M not found in the database. Skipping.
2024-09-16 17:45:03.483 | WARNING  | __main__:save_to_database:143 - Symbol VNINDEX not found in the database. Skipping.
2024-09-16 17:45:03.540 | SUCCESS  | __main__:save_to_database:153 - Committed 10 posts to the database
2024-09-16 17:45:03.541 | SUCCESS  | __main__:make_api_calls:172 - Retrieved and saved 10 posts. Total: 5060
2024-09-16 17:45:07.895 | WARNING  | __main__:save_to_database:143 - Symbol VNINDEX not found in the database. Skipping.
2024-09-16 17:45:07.993 | SUCCESS  | __main__:save_to_database:153 - Committed 10 posts to the database
2024-09-16 17:45:07.993 | SUCCESS  | __main__:make_api_calls:172 - Retrieved and saved 10 posts. Total: 5070
2024-09-16 17:45:13.342 | WARNING  | __main__:save_to_database:143 - Symbol BZ=F not found in the database. Skipping.
2024-09-16 17:45:13.343 | WARNING  | __main__:save_to_database:143 - Symbol CL=F not found in the database. Skipping.
2024-09-16 17:45:13.343 | WARNING  | __main__:save_to_database:143 - Symbol SI=F not found in the database. Skipping.
2024-09-16 17:45:13.416 | SUCCESS  | __main__:save_to_database:153 - Committed 10 posts to the database
2024-09-16 17:45:13.417 | SUCCESS  | __main__:make_api_calls:172 - Retrieved and saved 10 posts. Total: 5080
2024-09-16 17:45:18.812 | SUCCESS  | __main__:save_to_database:153 - Committed 10 posts to the database
2024-09-16 17:45:18.812 | SUCCESS  | __main__:make_api_calls:172 - Retrieved and saved 10 posts. Total: 5090
2024-09-16 17:45:20.439 | WARNING  | __main__:save_to_database:143 - Symbol USD-VND not found in the database. Skipping.
2024-09-16 17:45:20.538 | SUCCESS  | __main__:save_to_database:153 - Committed 10 posts to the database
2024-09-16 17:45:20.539 | SUCCESS  | __main__:make_api_calls:172 - Retrieved and saved 10 posts. Total: 5100
2024-09-16 17:45:24.931 | WARNING  | __main__:save_to_database:143 - Symbol US.VFS not found in the database. Skipping.
2024-09-16 17:45:24.940 | WARNING  | __main__:save_to_database:143 - Symbol GC=F not found in the database. Skipping.
2024-09-16 17:45:24.965 | WARNING  | __main__:save_to_database:143 - Symbol KCEU23 not found in the database. Skipping.
2024-09-16 17:45:24.966 | WARNING  | __main__:save_to_database:143 - Symbol LRCK23 not found in the database. Skipping.
2024-09-16 17:45:24.972 | WARNING  | __main__:save_to_database:143 - Symbol USD-VND not found in the database. Skipping.
2024-09-16 17:45:24.989 | WARNING  | __main__:save_to_database:143 - Symbol GC=F not found in the database. Skipping.
2024-09-16 17:45:25.033 | SUCCESS  | __main__:save_to_database:153 - Committed 10 posts to the database
2024-09-16 17:45:25.034 | SUCCESS  | __main__:make_api_calls:172 - Retrieved and saved 10 posts. Total: 5110
2024-09-16 17:45:27.957 | WARNING  | __main__:save_to_database:143 - Symbol KCEU23 not found in the database. Skipping.
2024-09-16 17:45:27.958 | WARNING  | __main__:save_to_database:143 - Symbol LRCK23 not found in the database. Skipping.
2024-09-16 17:45:28.008 | SUCCESS  | __main__:save_to_database:153 - Committed 10 posts to the database
2024-09-16 17:45:28.008 | SUCCESS  | __main__:make_api_calls:172 - Retrieved and saved 10 posts. Total: 5120
2024-09-16 17:45:33.249 | WARNING  | __main__:save_to_database:143 - Symbol HNXINDEX not found in the database. Skipping.
2024-09-16 17:45:33.249 | WARNING  | __main__:save_to_database:143 - Symbol UPINDEX not found in the database. Skipping.
2024-09-16 17:45:33.249 | WARNING  | __main__:save_to_database:143 - Symbol VN30F1M not found in the database. Skipping.
2024-09-16 17:45:33.249 | WARNING  | __main__:save_to_database:143 - Symbol VNINDEX not found in the database. Skipping.
2024-09-16 17:45:33.264 | WARNING  | __main__:save_to_database:143 - Symbol VNINDEX not found in the database. Skipping.
2024-09-16 17:45:33.264 | WARNING  | __main__:save_to_database:143 - Symbol HNXINDEX not found in the database. Skipping.
2024-09-16 17:45:33.264 | WARNING  | __main__:save_to_database:143 - Symbol UPINDEX not found in the database. Skipping.
2024-09-16 17:45:33.264 | WARNING  | __main__:save_to_database:143 - Symbol VN30F1M not found in the database. Skipping.
2024-09-16 17:45:33.264 | WARNING  | __main__:save_to_database:143 - Symbol VNINDEX not found in the database. Skipping.
2024-09-16 17:45:33.287 | WARNING  | __main__:save_to_database:143 - Symbol VNINDEX not found in the database. Skipping.
2024-09-16 17:45:33.296 | WARNING  | __main__:save_to_database:143 - Symbol US.VFS not found in the database. Skipping.
2024-09-16 17:45:33.387 | SUCCESS  | __main__:save_to_database:153 - Committed 10 posts to the database
2024-09-16 17:45:33.388 | SUCCESS  | __main__:make_api_calls:172 - Retrieved and saved 10 posts. Total: 5130
2024-09-16 17:45:35.366 | WARNING  | __main__:save_to_database:143 - Symbol VNINDEX not found in the database. Skipping.
2024-09-16 17:45:35.390 | WARNING  | __main__:save_to_database:143 - Symbol ^DJI not found in the database. Skipping.
2024-09-16 17:45:35.391 | WARNING  | __main__:save_to_database:143 - Symbol ^GSPC not found in the database. Skipping.
2024-09-16 17:45:35.391 | WARNING  | __main__:save_to_database:143 - Symbol ^IXIC not found in the database. Skipping.
2024-09-16 17:45:35.430 | SUCCESS  | __main__:save_to_database:153 - Committed 10 posts to the database
2024-09-16 17:45:35.430 | SUCCESS  | __main__:make_api_calls:172 - Retrieved and saved 10 posts. Total: 5140
2024-09-16 17:45:38.905 | SUCCESS  | __main__:save_to_database:153 - Committed 10 posts to the database
2024-09-16 17:45:38.906 | SUCCESS  | __main__:make_api_calls:172 - Retrieved and saved 10 posts. Total: 5150
2024-09-16 17:45:44.970 | SUCCESS  | __main__:save_to_database:153 - Committed 10 posts to the database
2024-09-16 17:45:44.971 | SUCCESS  | __main__:make_api_calls:172 - Retrieved and saved 10 posts. Total: 5160
2024-09-16 17:45:47.940 | SUCCESS  | __main__:save_to_database:153 - Committed 10 posts to the database
2024-09-16 17:45:47.955 | SUCCESS  | __main__:make_api_calls:172 - Retrieved and saved 10 posts. Total: 5170
2024-09-16 17:45:51.730 | SUCCESS  | __main__:save_to_database:153 - Committed 10 posts to the database
2024-09-16 17:45:51.732 | SUCCESS  | __main__:make_api_calls:172 - Retrieved and saved 10 posts. Total: 5180
2024-09-16 17:45:53.960 | WARNING  | __main__:save_to_database:143 - Symbol KCEU23 not found in the database. Skipping.
2024-09-16 17:45:53.961 | WARNING  | __main__:save_to_database:143 - Symbol LRCK23 not found in the database. Skipping.
2024-09-16 17:45:54.041 | SUCCESS  | __main__:save_to_database:153 - Committed 10 posts to the database
2024-09-16 17:45:54.042 | SUCCESS  | __main__:make_api_calls:172 - Retrieved and saved 10 posts. Total: 5190
2024-09-16 17:45:58.587 | WARNING  | __main__:save_to_database:143 - Symbol HNXINDEX not found in the database. Skipping.
2024-09-16 17:45:58.588 | WARNING  | __main__:save_to_database:143 - Symbol UPINDEX not found in the database. Skipping.
2024-09-16 17:45:58.588 | WARNING  | __main__:save_to_database:143 - Symbol VN30F1M not found in the database. Skipping.
2024-09-16 17:45:58.588 | WARNING  | __main__:save_to_database:143 - Symbol VNINDEX not found in the database. Skipping.
2024-09-16 17:45:58.644 | SUCCESS  | __main__:save_to_database:153 - Committed 10 posts to the database
2024-09-16 17:45:58.645 | SUCCESS  | __main__:make_api_calls:172 - Retrieved and saved 10 posts. Total: 5200
2024-09-16 17:46:02.189 | WARNING  | __main__:save_to_database:143 - Symbol USD-VND not found in the database. Skipping.
2024-09-16 17:46:02.252 | SUCCESS  | __main__:save_to_database:153 - Committed 10 posts to the database
2024-09-16 17:46:02.254 | SUCCESS  | __main__:make_api_calls:172 - Retrieved and saved 10 posts. Total: 5210
2024-09-16 17:46:07.154 | WARNING  | __main__:save_to_database:143 - Symbol HNX30 not found in the database. Skipping.
2024-09-16 17:46:07.155 | WARNING  | __main__:save_to_database:143 - Symbol HNXINDEX not found in the database. Skipping.
2024-09-16 17:46:07.155 | WARNING  | __main__:save_to_database:143 - Symbol UPINDEX not found in the database. Skipping.
2024-09-16 17:46:07.155 | WARNING  | __main__:save_to_database:143 - Symbol VN30 not found in the database. Skipping.
2024-09-16 17:46:07.155 | WARNING  | __main__:save_to_database:143 - Symbol VN30F1M not found in the database. Skipping.
2024-09-16 17:46:07.156 | WARNING  | __main__:save_to_database:143 - Symbol VNINDEX not found in the database. Skipping.
2024-09-16 17:46:07.263 | SUCCESS  | __main__:save_to_database:153 - Committed 10 posts to the database
2024-09-16 17:46:07.264 | SUCCESS  | __main__:make_api_calls:172 - Retrieved and saved 10 posts. Total: 5220
2024-09-16 17:46:09.405 | WARNING  | __main__:save_to_database:143 - Symbol HNX30 not found in the database. Skipping.
2024-09-16 17:46:09.407 | WARNING  | __main__:save_to_database:143 - Symbol HNXINDEX not found in the database. Skipping.
2024-09-16 17:46:09.407 | WARNING  | __main__:save_to_database:143 - Symbol UPINDEX not found in the database. Skipping.
2024-09-16 17:46:09.408 | WARNING  | __main__:save_to_database:143 - Symbol VN30 not found in the database. Skipping.
2024-09-16 17:46:09.408 | WARNING  | __main__:save_to_database:143 - Symbol VNINDEX not found in the database. Skipping.
2024-09-16 17:46:09.469 | WARNING  | __main__:save_to_database:143 - Symbol ^DJI not found in the database. Skipping.
2024-09-16 17:46:09.470 | WARNING  | __main__:save_to_database:143 - Symbol ^GSPC not found in the database. Skipping.
2024-09-16 17:46:09.470 | WARNING  | __main__:save_to_database:143 - Symbol ^IXIC not found in the database. Skipping.
2024-09-16 17:46:09.512 | SUCCESS  | __main__:save_to_database:153 - Committed 10 posts to the database
2024-09-16 17:46:09.513 | SUCCESS  | __main__:make_api_calls:172 - Retrieved and saved 10 posts. Total: 5230
2024-09-16 17:46:15.748 | WARNING  | __main__:save_to_database:143 - Symbol HNXINDEX not found in the database. Skipping.
2024-09-16 17:46:15.748 | WARNING  | __main__:save_to_database:143 - Symbol UPINDEX not found in the database. Skipping.
2024-09-16 17:46:15.749 | WARNING  | __main__:save_to_database:143 - Symbol VN30F1M not found in the database. Skipping.
2024-09-16 17:46:15.749 | WARNING  | __main__:save_to_database:143 - Symbol VNINDEX not found in the database. Skipping.
2024-09-16 17:46:15.782 | WARNING  | __main__:save_to_database:143 - Symbol GC=F not found in the database. Skipping.
2024-09-16 17:46:15.858 | SUCCESS  | __main__:save_to_database:153 - Committed 10 posts to the database
2024-09-16 17:46:15.859 | SUCCESS  | __main__:make_api_calls:172 - Retrieved and saved 10 posts. Total: 5240
2024-09-16 17:46:18.289 | WARNING  | __main__:save_to_database:143 - Symbol KCEU23 not found in the database. Skipping.
2024-09-16 17:46:18.290 | WARNING  | __main__:save_to_database:143 - Symbol LRCK23 not found in the database. Skipping.
2024-09-16 17:46:18.311 | WARNING  | __main__:save_to_database:143 - Symbol USD-VND not found in the database. Skipping.
2024-09-16 17:46:18.350 | WARNING  | __main__:save_to_database:143 - Symbol GC=F not found in the database. Skipping.
2024-09-16 17:46:18.359 | WARNING  | __main__:save_to_database:143 - Symbol GC=F not found in the database. Skipping.
2024-09-16 17:46:18.416 | SUCCESS  | __main__:save_to_database:153 - Committed 10 posts to the database
2024-09-16 17:46:18.417 | SUCCESS  | __main__:make_api_calls:172 - Retrieved and saved 10 posts. Total: 5250
2024-09-16 17:46:21.569 | WARNING  | __main__:save_to_database:143 - Symbol HNXINDEX not found in the database. Skipping.
2024-09-16 17:46:21.570 | WARNING  | __main__:save_to_database:143 - Symbol UPINDEX not found in the database. Skipping.
2024-09-16 17:46:21.570 | WARNING  | __main__:save_to_database:143 - Symbol VNINDEX not found in the database. Skipping.
2024-09-16 17:46:21.692 | SUCCESS  | __main__:save_to_database:153 - Committed 10 posts to the database
2024-09-16 17:46:21.693 | SUCCESS  | __main__:make_api_calls:172 - Retrieved and saved 10 posts. Total: 5260
2024-09-16 17:46:24.401 | SUCCESS  | __main__:save_to_database:153 - Committed 10 posts to the database
2024-09-16 17:46:24.402 | SUCCESS  | __main__:make_api_calls:172 - Retrieved and saved 10 posts. Total: 5270
2024-09-16 17:46:27.357 | SUCCESS  | __main__:save_to_database:153 - Committed 10 posts to the database
2024-09-16 17:46:27.358 | SUCCESS  | __main__:make_api_calls:172 - Retrieved and saved 10 posts. Total: 5280
2024-09-16 17:46:32.108 | SUCCESS  | __main__:save_to_database:153 - Committed 10 posts to the database
2024-09-16 17:46:32.109 | SUCCESS  | __main__:make_api_calls:172 - Retrieved and saved 10 posts. Total: 5290
2024-09-16 17:46:37.326 | SUCCESS  | __main__:save_to_database:153 - Committed 10 posts to the database
2024-09-16 17:46:37.327 | SUCCESS  | __main__:make_api_calls:172 - Retrieved and saved 10 posts. Total: 5300
2024-09-16 17:46:40.130 | WARNING  | __main__:save_to_database:143 - Symbol HNXINDEX not found in the database. Skipping.
2024-09-16 17:46:40.130 | WARNING  | __main__:save_to_database:143 - Symbol UPINDEX not found in the database. Skipping.
2024-09-16 17:46:40.132 | WARNING  | __main__:save_to_database:143 - Symbol VNINDEX not found in the database. Skipping.
2024-09-16 17:46:40.183 | SUCCESS  | __main__:save_to_database:153 - Committed 10 posts to the database
2024-09-16 17:46:40.184 | SUCCESS  | __main__:make_api_calls:172 - Retrieved and saved 10 posts. Total: 5310
2024-09-16 17:46:41.934 | SUCCESS  | __main__:save_to_database:153 - Committed 10 posts to the database
2024-09-16 17:46:41.935 | SUCCESS  | __main__:make_api_calls:172 - Retrieved and saved 10 posts. Total: 5320
2024-09-16 17:46:43.926 | SUCCESS  | __main__:save_to_database:153 - Committed 10 posts to the database
2024-09-16 17:46:43.928 | SUCCESS  | __main__:make_api_calls:172 - Retrieved and saved 10 posts. Total: 5330
2024-09-16 17:46:46.039 | WARNING  | __main__:save_to_database:143 - Symbol ^HSI not found in the database. Skipping.
2024-09-16 17:46:46.039 | WARNING  | __main__:save_to_database:143 - Symbol ^KS11 not found in the database. Skipping.
2024-09-16 17:46:46.039 | WARNING  | __main__:save_to_database:143 - Symbol ^N225 not found in the database. Skipping.
2024-09-16 17:46:46.040 | WARNING  | __main__:save_to_database:143 - Symbol BZ=F not found in the database. Skipping.
2024-09-16 17:46:46.040 | WARNING  | __main__:save_to_database:143 - Symbol GC=F not found in the database. Skipping.
2024-09-16 17:46:46.040 | WARNING  | __main__:save_to_database:143 - Symbol HNXINDEX not found in the database. Skipping.
2024-09-16 17:46:46.040 | WARNING  | __main__:save_to_database:143 - Symbol VNINDEX not found in the database. Skipping.
2024-09-16 17:46:46.078 | SUCCESS  | __main__:save_to_database:153 - Committed 10 posts to the database
2024-09-16 17:46:46.079 | SUCCESS  | __main__:make_api_calls:172 - Retrieved and saved 10 posts. Total: 5340
2024-09-16 17:46:49.349 | SUCCESS  | __main__:save_to_database:153 - Committed 10 posts to the database
2024-09-16 17:46:49.350 | SUCCESS  | __main__:make_api_calls:172 - Retrieved and saved 10 posts. Total: 5350
2024-09-16 17:46:54.255 | SUCCESS  | __main__:save_to_database:153 - Committed 10 posts to the database
2024-09-16 17:46:54.256 | SUCCESS  | __main__:make_api_calls:172 - Retrieved and saved 10 posts. Total: 5360
2024-09-16 17:46:56.423 | WARNING  | __main__:save_to_database:143 - Symbol HNXINDEX not found in the database. Skipping.
2024-09-16 17:46:56.424 | WARNING  | __main__:save_to_database:143 - Symbol UPINDEX not found in the database. Skipping.
2024-09-16 17:46:56.424 | WARNING  | __main__:save_to_database:143 - Symbol VNINDEX not found in the database. Skipping.
2024-09-16 17:46:56.526 | SUCCESS  | __main__:save_to_database:153 - Committed 10 posts to the database
2024-09-16 17:46:56.527 | SUCCESS  | __main__:make_api_calls:172 - Retrieved and saved 10 posts. Total: 5370
2024-09-16 17:46:58.190 | SUCCESS  | __main__:save_to_database:153 - Committed 10 posts to the database
2024-09-16 17:46:58.191 | SUCCESS  | __main__:make_api_calls:172 - Retrieved and saved 10 posts. Total: 5380
2024-09-16 17:47:01.061 | SUCCESS  | __main__:save_to_database:153 - Committed 10 posts to the database
2024-09-16 17:47:01.062 | SUCCESS  | __main__:make_api_calls:172 - Retrieved and saved 10 posts. Total: 5390
2024-09-16 17:47:06.272 | WARNING  | __main__:save_to_database:143 - Symbol HNXINDEX not found in the database. Skipping.
2024-09-16 17:47:06.272 | WARNING  | __main__:save_to_database:143 - Symbol UPINDEX not found in the database. Skipping.
2024-09-16 17:47:06.272 | WARNING  | __main__:save_to_database:143 - Symbol VNINDEX not found in the database. Skipping.
2024-09-16 17:47:06.359 | SUCCESS  | __main__:save_to_database:153 - Committed 10 posts to the database
2024-09-16 17:47:06.360 | SUCCESS  | __main__:make_api_calls:172 - Retrieved and saved 10 posts. Total: 5400
2024-09-16 17:47:09.311 | SUCCESS  | __main__:save_to_database:153 - Committed 10 posts to the database
2024-09-16 17:47:09.312 | SUCCESS  | __main__:make_api_calls:172 - Retrieved and saved 10 posts. Total: 5410
2024-09-16 17:47:12.253 | SUCCESS  | __main__:save_to_database:153 - Committed 10 posts to the database
2024-09-16 17:47:12.254 | SUCCESS  | __main__:make_api_calls:172 - Retrieved and saved 10 posts. Total: 5420
2024-09-16 17:47:16.709 | WARNING  | __main__:save_to_database:143 - Symbol GC=F not found in the database. Skipping.
2024-09-16 17:47:16.715 | WARNING  | __main__:save_to_database:143 - Symbol HNX30 not found in the database. Skipping.
2024-09-16 17:47:16.716 | WARNING  | __main__:save_to_database:143 - Symbol HNXINDEX not found in the database. Skipping.
2024-09-16 17:47:16.716 | WARNING  | __main__:save_to_database:143 - Symbol UPINDEX not found in the database. Skipping.
2024-09-16 17:47:16.717 | WARNING  | __main__:save_to_database:143 - Symbol VN30 not found in the database. Skipping.
2024-09-16 17:47:16.717 | WARNING  | __main__:save_to_database:143 - Symbol VNINDEX not found in the database. Skipping.
2024-09-16 17:47:16.809 | SUCCESS  | __main__:save_to_database:153 - Committed 10 posts to the database
2024-09-16 17:47:16.810 | SUCCESS  | __main__:make_api_calls:172 - Retrieved and saved 10 posts. Total: 5430
2024-09-16 17:47:18.645 | WARNING  | __main__:save_to_database:143 - Symbol HNXINDEX not found in the database. Skipping.
2024-09-16 17:47:18.646 | WARNING  | __main__:save_to_database:143 - Symbol UPINDEX not found in the database. Skipping.
2024-09-16 17:47:18.646 | WARNING  | __main__:save_to_database:143 - Symbol VN30F1M not found in the database. Skipping.
2024-09-16 17:47:18.646 | WARNING  | __main__:save_to_database:143 - Symbol VNINDEX not found in the database. Skipping.
2024-09-16 17:47:18.672 | WARNING  | __main__:save_to_database:143 - Symbol HNX30 not found in the database. Skipping.
2024-09-16 17:47:18.672 | WARNING  | __main__:save_to_database:143 - Symbol HNXINDEX not found in the database. Skipping.
2024-09-16 17:47:18.673 | WARNING  | __main__:save_to_database:143 - Symbol UPINDEX not found in the database. Skipping.
2024-09-16 17:47:18.673 | WARNING  | __main__:save_to_database:143 - Symbol VN30 not found in the database. Skipping.
2024-09-16 17:47:18.673 | WARNING  | __main__:save_to_database:143 - Symbol VN30F1M not found in the database. Skipping.
2024-09-16 17:47:18.673 | WARNING  | __main__:save_to_database:143 - Symbol VNINDEX not found in the database. Skipping.
2024-09-16 17:47:18.759 | SUCCESS  | __main__:save_to_database:153 - Committed 10 posts to the database
2024-09-16 17:47:18.760 | SUCCESS  | __main__:make_api_calls:172 - Retrieved and saved 10 posts. Total: 5440
2024-09-16 17:47:25.799 | WARNING  | __main__:save_to_database:143 - Symbol HNXINDEX not found in the database. Skipping.
2024-09-16 17:47:25.800 | WARNING  | __main__:save_to_database:143 - Symbol UPINDEX not found in the database. Skipping.
2024-09-16 17:47:25.800 | WARNING  | __main__:save_to_database:143 - Symbol VN30F1M not found in the database. Skipping.
2024-09-16 17:47:25.800 | WARNING  | __main__:save_to_database:143 - Symbol VNINDEX not found in the database. Skipping.
2024-09-16 17:47:25.808 | WARNING  | __main__:save_to_database:143 - Symbol HNXINDEX not found in the database. Skipping.
2024-09-16 17:47:25.809 | WARNING  | __main__:save_to_database:143 - Symbol UPINDEX not found in the database. Skipping.
2024-09-16 17:47:25.809 | WARNING  | __main__:save_to_database:143 - Symbol VN30F1M not found in the database. Skipping.
2024-09-16 17:47:25.810 | WARNING  | __main__:save_to_database:143 - Symbol VNINDEX not found in the database. Skipping.
2024-09-16 17:47:25.846 | SUCCESS  | __main__:save_to_database:153 - Committed 10 posts to the database
2024-09-16 17:47:25.847 | SUCCESS  | __main__:make_api_calls:172 - Retrieved and saved 10 posts. Total: 5450
2024-09-16 17:47:28.236 | WARNING  | __main__:save_to_database:143 - Symbol VN30 not found in the database. Skipping.
2024-09-16 17:47:28.236 | WARNING  | __main__:save_to_database:143 - Symbol VNINDEX not found in the database. Skipping.
2024-09-16 17:47:28.321 | SUCCESS  | __main__:save_to_database:153 - Committed 10 posts to the database
2024-09-16 17:47:28.322 | SUCCESS  | __main__:make_api_calls:172 - Retrieved and saved 10 posts. Total: 5460
2024-09-16 17:47:32.571 | WARNING  | __main__:save_to_database:143 - Symbol GC=F not found in the database. Skipping.
2024-09-16 17:47:32.594 | SUCCESS  | __main__:save_to_database:153 - Committed 10 posts to the database
2024-09-16 17:47:32.596 | SUCCESS  | __main__:make_api_calls:172 - Retrieved and saved 10 posts. Total: 5470
2024-09-16 17:47:35.204 | SUCCESS  | __main__:save_to_database:153 - Committed 10 posts to the database
2024-09-16 17:47:35.205 | SUCCESS  | __main__:make_api_calls:172 - Retrieved and saved 10 posts. Total: 5480
2024-09-16 17:47:37.734 | SUCCESS  | __main__:save_to_database:153 - Committed 10 posts to the database
2024-09-16 17:47:37.735 | SUCCESS  | __main__:make_api_calls:172 - Retrieved and saved 10 posts. Total: 5490
2024-09-16 17:47:41.558 | WARNING  | __main__:save_to_database:143 - Symbol HNXINDEX not found in the database. Skipping.
2024-09-16 17:47:41.559 | WARNING  | __main__:save_to_database:143 - Symbol UPINDEX not found in the database. Skipping.
2024-09-16 17:47:41.559 | WARNING  | __main__:save_to_database:143 - Symbol VN30F1M not found in the database. Skipping.
2024-09-16 17:47:41.559 | WARNING  | __main__:save_to_database:143 - Symbol VNINDEX not found in the database. Skipping.
2024-09-16 17:47:41.598 | SUCCESS  | __main__:save_to_database:153 - Committed 10 posts to the database
2024-09-16 17:47:41.599 | SUCCESS  | __main__:make_api_calls:172 - Retrieved and saved 10 posts. Total: 5500
2024-09-16 17:47:45.987 | SUCCESS  | __main__:save_to_database:153 - Committed 10 posts to the database
2024-09-16 17:47:45.988 | SUCCESS  | __main__:make_api_calls:172 - Retrieved and saved 10 posts. Total: 5510
2024-09-16 17:47:47.833 | SUCCESS  | __main__:save_to_database:153 - Committed 10 posts to the database
2024-09-16 17:47:47.834 | SUCCESS  | __main__:make_api_calls:172 - Retrieved and saved 10 posts. Total: 5520
2024-09-16 17:47:49.322 | WARNING  | __main__:save_to_database:143 - Symbol GC=F not found in the database. Skipping.
2024-09-16 17:47:49.442 | SUCCESS  | __main__:save_to_database:153 - Committed 10 posts to the database
2024-09-16 17:47:49.443 | SUCCESS  | __main__:make_api_calls:172 - Retrieved and saved 10 posts. Total: 5530
2024-09-16 17:47:54.993 | SUCCESS  | __main__:save_to_database:153 - Committed 10 posts to the database
2024-09-16 17:47:54.994 | SUCCESS  | __main__:make_api_calls:172 - Retrieved and saved 10 posts. Total: 5540
2024-09-16 17:47:57.594 | SUCCESS  | __main__:save_to_database:153 - Committed 10 posts to the database
2024-09-16 17:47:57.595 | SUCCESS  | __main__:make_api_calls:172 - Retrieved and saved 10 posts. Total: 5550
2024-09-16 17:48:04.735 | WARNING  | __main__:save_to_database:143 - Symbol US.VFS not found in the database. Skipping.
2024-09-16 17:48:04.852 | SUCCESS  | __main__:save_to_database:153 - Committed 10 posts to the database
2024-09-16 17:48:04.853 | SUCCESS  | __main__:make_api_calls:172 - Retrieved and saved 10 posts. Total: 5560
2024-09-16 17:48:10.442 | WARNING  | __main__:save_to_database:143 - Symbol KCEU23 not found in the database. Skipping.
2024-09-16 17:48:10.442 | WARNING  | __main__:save_to_database:143 - Symbol LRCH23 not found in the database. Skipping.
2024-09-16 17:48:10.451 | WARNING  | __main__:save_to_database:143 - Symbol HNXINDEX not found in the database. Skipping.
2024-09-16 17:48:10.451 | WARNING  | __main__:save_to_database:143 - Symbol UPINDEX not found in the database. Skipping.
2024-09-16 17:48:10.452 | WARNING  | __main__:save_to_database:143 - Symbol VN30F1M not found in the database. Skipping.
2024-09-16 17:48:10.452 | WARNING  | __main__:save_to_database:143 - Symbol VNINDEX not found in the database. Skipping.
2024-09-16 17:48:10.503 | SUCCESS  | __main__:save_to_database:153 - Committed 10 posts to the database
2024-09-16 17:48:10.505 | SUCCESS  | __main__:make_api_calls:172 - Retrieved and saved 10 posts. Total: 5570
2024-09-16 17:48:15.335 | SUCCESS  | __main__:save_to_database:153 - Committed 10 posts to the database
2024-09-16 17:48:15.336 | SUCCESS  | __main__:make_api_calls:172 - Retrieved and saved 10 posts. Total: 5580
2024-09-16 17:48:16.984 | WARNING  | __main__:save_to_database:143 - Symbol GC=F not found in the database. Skipping.
2024-09-16 17:48:16.994 | WARNING  | __main__:save_to_database:143 - Symbol BZ=F not found in the database. Skipping.
2024-09-16 17:48:16.994 | WARNING  | __main__:save_to_database:143 - Symbol CL=F not found in the database. Skipping.
2024-09-16 17:48:16.995 | WARNING  | __main__:save_to_database:143 - Symbol SI=F not found in the database. Skipping.
2024-09-16 17:48:17.004 | WARNING  | __main__:save_to_database:143 - Symbol ^DJI not found in the database. Skipping.
2024-09-16 17:48:17.004 | WARNING  | __main__:save_to_database:143 - Symbol ^GSPC not found in the database. Skipping.
2024-09-16 17:48:17.005 | WARNING  | __main__:save_to_database:143 - Symbol ^IXIC not found in the database. Skipping.
2024-09-16 17:48:17.085 | SUCCESS  | __main__:save_to_database:153 - Committed 10 posts to the database
2024-09-16 17:48:17.086 | SUCCESS  | __main__:make_api_calls:172 - Retrieved and saved 10 posts. Total: 5590
2024-09-16 17:48:22.460 | WARNING  | __main__:save_to_database:143 - Symbol HNXINDEX not found in the database. Skipping.
2024-09-16 17:48:22.460 | WARNING  | __main__:save_to_database:143 - Symbol UPINDEX not found in the database. Skipping.
2024-09-16 17:48:22.460 | WARNING  | __main__:save_to_database:143 - Symbol VNINDEX not found in the database. Skipping.
2024-09-16 17:48:22.551 | SUCCESS  | __main__:save_to_database:153 - Committed 10 posts to the database
2024-09-16 17:48:22.552 | SUCCESS  | __main__:make_api_calls:172 - Retrieved and saved 10 posts. Total: 5600
2024-09-16 17:48:25.671 | WARNING  | __main__:save_to_database:143 - Symbol UPINDEX not found in the database. Skipping.
2024-09-16 17:48:25.688 | WARNING  | __main__:save_to_database:143 - Symbol HNXINDEX not found in the database. Skipping.
2024-09-16 17:48:25.689 | WARNING  | __main__:save_to_database:143 - Symbol UPINDEX not found in the database. Skipping.
2024-09-16 17:48:25.689 | WARNING  | __main__:save_to_database:143 - Symbol VNINDEX not found in the database. Skipping.
2024-09-16 17:48:25.727 | SUCCESS  | __main__:save_to_database:153 - Committed 10 posts to the database
2024-09-16 17:48:25.728 | SUCCESS  | __main__:make_api_calls:172 - Retrieved and saved 10 posts. Total: 5610
2024-09-16 17:48:29.348 | SUCCESS  | __main__:save_to_database:153 - Committed 10 posts to the database
2024-09-16 17:48:29.349 | SUCCESS  | __main__:make_api_calls:172 - Retrieved and saved 10 posts. Total: 5620
2024-09-16 17:48:34.067 | WARNING  | __main__:save_to_database:143 - Symbol HNXINDEX not found in the database. Skipping.
2024-09-16 17:48:34.067 | WARNING  | __main__:save_to_database:143 - Symbol UPINDEX not found in the database. Skipping.
2024-09-16 17:48:34.068 | WARNING  | __main__:save_to_database:143 - Symbol VNINDEX not found in the database. Skipping.
2024-09-16 17:48:34.159 | SUCCESS  | __main__:save_to_database:153 - Committed 10 posts to the database
2024-09-16 17:48:34.160 | SUCCESS  | __main__:make_api_calls:172 - Retrieved and saved 10 posts. Total: 5630
2024-09-16 17:48:39.218 | SUCCESS  | __main__:save_to_database:153 - Committed 10 posts to the database
2024-09-16 17:48:39.219 | SUCCESS  | __main__:make_api_calls:172 - Retrieved and saved 10 posts. Total: 5640
2024-09-16 17:48:52.634 | WARNING  | __main__:save_to_database:143 - Symbol HNXINDEX not found in the database. Skipping.
2024-09-16 17:48:52.635 | WARNING  | __main__:save_to_database:143 - Symbol UPINDEX not found in the database. Skipping.
2024-09-16 17:48:52.635 | WARNING  | __main__:save_to_database:143 - Symbol VN30F1M not found in the database. Skipping.
2024-09-16 17:48:52.635 | WARNING  | __main__:save_to_database:143 - Symbol VNINDEX not found in the database. Skipping.
2024-09-16 17:48:52.691 | SUCCESS  | __main__:save_to_database:153 - Committed 10 posts to the database
2024-09-16 17:48:52.692 | SUCCESS  | __main__:make_api_calls:172 - Retrieved and saved 10 posts. Total: 5650
2024-09-16 17:48:59.164 | SUCCESS  | __main__:save_to_database:153 - Committed 10 posts to the database
2024-09-16 17:48:59.165 | SUCCESS  | __main__:make_api_calls:172 - Retrieved and saved 10 posts. Total: 5660
2024-09-16 17:49:01.860 | WARNING  | __main__:save_to_database:143 - Symbol KCEU23 not found in the database. Skipping.
2024-09-16 17:49:01.861 | WARNING  | __main__:save_to_database:143 - Symbol LRCK23 not found in the database. Skipping.
2024-09-16 17:49:01.930 | WARNING  | __main__:save_to_database:143 - Symbol HNXINDEX not found in the database. Skipping.
2024-09-16 17:49:01.930 | WARNING  | __main__:save_to_database:143 - Symbol UPINDEX not found in the database. Skipping.
2024-09-16 17:49:01.931 | WARNING  | __main__:save_to_database:143 - Symbol VN30F1M not found in the database. Skipping.
2024-09-16 17:49:01.931 | WARNING  | __main__:save_to_database:143 - Symbol VNINDEX not found in the database. Skipping.
2024-09-16 17:49:01.940 | WARNING  | __main__:save_to_database:143 - Symbol HNXINDEX not found in the database. Skipping.
2024-09-16 17:49:01.941 | WARNING  | __main__:save_to_database:143 - Symbol UPINDEX not found in the database. Skipping.
2024-09-16 17:49:01.941 | WARNING  | __main__:save_to_database:143 - Symbol VN30F1M not found in the database. Skipping.
2024-09-16 17:49:01.941 | WARNING  | __main__:save_to_database:143 - Symbol VNINDEX not found in the database. Skipping.
2024-09-16 17:49:01.994 | SUCCESS  | __main__:save_to_database:153 - Committed 10 posts to the database
2024-09-16 17:49:01.995 | SUCCESS  | __main__:make_api_calls:172 - Retrieved and saved 10 posts. Total: 5670
2024-09-16 17:49:07.345 | SUCCESS  | __main__:save_to_database:153 - Committed 10 posts to the database
2024-09-16 17:49:07.346 | SUCCESS  | __main__:make_api_calls:172 - Retrieved and saved 10 posts. Total: 5680
2024-09-16 17:49:14.882 | SUCCESS  | __main__:save_to_database:153 - Committed 10 posts to the database
2024-09-16 17:49:14.884 | SUCCESS  | __main__:make_api_calls:172 - Retrieved and saved 10 posts. Total: 5690
2024-09-16 17:49:17.476 | WARNING  | __main__:save_to_database:143 - Symbol GC=F not found in the database. Skipping.
2024-09-16 17:49:17.591 | SUCCESS  | __main__:save_to_database:153 - Committed 10 posts to the database
2024-09-16 17:49:17.592 | SUCCESS  | __main__:make_api_calls:172 - Retrieved and saved 10 posts. Total: 5700
2024-09-16 17:49:19.530 | SUCCESS  | __main__:save_to_database:153 - Committed 10 posts to the database
2024-09-16 17:49:19.531 | SUCCESS  | __main__:make_api_calls:172 - Retrieved and saved 10 posts. Total: 5710
2024-09-16 17:49:25.855 | WARNING  | __main__:save_to_database:143 - Symbol HNXINDEX not found in the database. Skipping.
2024-09-16 17:49:25.856 | WARNING  | __main__:save_to_database:143 - Symbol UPINDEX not found in the database. Skipping.
2024-09-16 17:49:25.856 | WARNING  | __main__:save_to_database:143 - Symbol VNINDEX not found in the database. Skipping.
2024-09-16 17:49:25.919 | SUCCESS  | __main__:save_to_database:153 - Committed 10 posts to the database
2024-09-16 17:49:25.921 | SUCCESS  | __main__:make_api_calls:172 - Retrieved and saved 10 posts. Total: 5720
2024-09-16 17:49:39.894 | WARNING  | __main__:save_to_database:143 - Symbol HNXINDEX not found in the database. Skipping.
2024-09-16 17:49:39.894 | WARNING  | __main__:save_to_database:143 - Symbol UPINDEX not found in the database. Skipping.
2024-09-16 17:49:39.894 | WARNING  | __main__:save_to_database:143 - Symbol VNINDEX not found in the database. Skipping.
2024-09-16 17:49:39.946 | SUCCESS  | __main__:save_to_database:153 - Committed 10 posts to the database
2024-09-16 17:49:39.947 | SUCCESS  | __main__:make_api_calls:172 - Retrieved and saved 10 posts. Total: 5730
2024-09-16 17:49:45.284 | SUCCESS  | __main__:save_to_database:153 - Committed 10 posts to the database
2024-09-16 17:49:45.285 | SUCCESS  | __main__:make_api_calls:172 - Retrieved and saved 10 posts. Total: 5740
2024-09-16 17:49:49.867 | SUCCESS  | __main__:save_to_database:153 - Committed 10 posts to the database
2024-09-16 17:49:49.868 | SUCCESS  | __main__:make_api_calls:172 - Retrieved and saved 10 posts. Total: 5750
2024-09-16 17:49:55.220 | SUCCESS  | __main__:save_to_database:153 - Committed 10 posts to the database
2024-09-16 17:49:55.221 | SUCCESS  | __main__:make_api_calls:172 - Retrieved and saved 10 posts. Total: 5760
2024-09-16 17:49:56.770 | WARNING  | __main__:save_to_database:143 - Symbol HNXINDEX not found in the database. Skipping.
2024-09-16 17:49:56.771 | WARNING  | __main__:save_to_database:143 - Symbol UPINDEX not found in the database. Skipping.
2024-09-16 17:49:56.771 | WARNING  | __main__:save_to_database:143 - Symbol VN30F1M not found in the database. Skipping.
2024-09-16 17:49:56.771 | WARNING  | __main__:save_to_database:143 - Symbol VNINDEX not found in the database. Skipping.
2024-09-16 17:49:56.822 | SUCCESS  | __main__:save_to_database:153 - Committed 10 posts to the database
2024-09-16 17:49:56.823 | SUCCESS  | __main__:make_api_calls:172 - Retrieved and saved 10 posts. Total: 5770
2024-09-16 17:50:00.432 | WARNING  | __main__:save_to_database:143 - Symbol HNXINDEX not found in the database. Skipping.
2024-09-16 17:50:00.433 | WARNING  | __main__:save_to_database:143 - Symbol UPINDEX not found in the database. Skipping.
2024-09-16 17:50:00.433 | WARNING  | __main__:save_to_database:143 - Symbol VNINDEX not found in the database. Skipping.
2024-09-16 17:50:00.442 | WARNING  | __main__:save_to_database:143 - Symbol ^HSI not found in the database. Skipping.
2024-09-16 17:50:00.443 | WARNING  | __main__:save_to_database:143 - Symbol ^KS11 not found in the database. Skipping.
2024-09-16 17:50:00.443 | WARNING  | __main__:save_to_database:143 - Symbol ^N225 not found in the database. Skipping.
2024-09-16 17:50:00.444 | WARNING  | __main__:save_to_database:143 - Symbol BZ=F not found in the database. Skipping.
2024-09-16 17:50:00.444 | WARNING  | __main__:save_to_database:143 - Symbol CL=F not found in the database. Skipping.
2024-09-16 17:50:00.445 | WARNING  | __main__:save_to_database:143 - Symbol GC=F not found in the database. Skipping.
2024-09-16 17:50:00.445 | WARNING  | __main__:save_to_database:143 - Symbol SI=F not found in the database. Skipping.
2024-09-16 17:50:00.446 | WARNING  | __main__:save_to_database:143 - Symbol VNINDEX not found in the database. Skipping.
2024-09-16 17:50:00.564 | SUCCESS  | __main__:save_to_database:153 - Committed 10 posts to the database
2024-09-16 17:50:00.565 | SUCCESS  | __main__:make_api_calls:172 - Retrieved and saved 10 posts. Total: 5780
2024-09-16 17:50:04.095 | WARNING  | __main__:save_to_database:143 - Symbol HNX30 not found in the database. Skipping.
2024-09-16 17:50:04.096 | WARNING  | __main__:save_to_database:143 - Symbol HNXINDEX not found in the database. Skipping.
2024-09-16 17:50:04.096 | WARNING  | __main__:save_to_database:143 - Symbol UPINDEX not found in the database. Skipping.
2024-09-16 17:50:04.096 | WARNING  | __main__:save_to_database:143 - Symbol VN30 not found in the database. Skipping.
2024-09-16 17:50:04.097 | WARNING  | __main__:save_to_database:143 - Symbol VN30F1M not found in the database. Skipping.
2024-09-16 17:50:04.097 | WARNING  | __main__:save_to_database:143 - Symbol VNINDEX not found in the database. Skipping.
2024-09-16 17:50:04.116 | WARNING  | __main__:save_to_database:143 - Symbol US.VFS not found in the database. Skipping.
2024-09-16 17:50:04.157 | SUCCESS  | __main__:save_to_database:153 - Committed 10 posts to the database
2024-09-16 17:50:04.158 | SUCCESS  | __main__:make_api_calls:172 - Retrieved and saved 10 posts. Total: 5790
2024-09-16 17:50:08.648 | SUCCESS  | __main__:save_to_database:153 - Committed 10 posts to the database
2024-09-16 17:50:08.650 | SUCCESS  | __main__:make_api_calls:172 - Retrieved and saved 10 posts. Total: 5800
2024-09-16 17:50:13.919 | SUCCESS  | __main__:save_to_database:153 - Committed 10 posts to the database
2024-09-16 17:50:13.920 | SUCCESS  | __main__:make_api_calls:172 - Retrieved and saved 10 posts. Total: 5810
2024-09-16 17:50:19.385 | SUCCESS  | __main__:save_to_database:153 - Committed 10 posts to the database
2024-09-16 17:50:19.386 | SUCCESS  | __main__:make_api_calls:172 - Retrieved and saved 10 posts. Total: 5820
2024-09-16 17:50:24.329 | SUCCESS  | __main__:save_to_database:153 - Committed 10 posts to the database
2024-09-16 17:50:24.330 | SUCCESS  | __main__:make_api_calls:172 - Retrieved and saved 10 posts. Total: 5830
2024-09-16 17:50:29.824 | WARNING  | __main__:save_to_database:143 - Symbol HNX30 not found in the database. Skipping.
2024-09-16 17:50:29.825 | WARNING  | __main__:save_to_database:143 - Symbol HNXINDEX not found in the database. Skipping.
2024-09-16 17:50:29.827 | WARNING  | __main__:save_to_database:143 - Symbol UPINDEX not found in the database. Skipping.
2024-09-16 17:50:29.828 | WARNING  | __main__:save_to_database:143 - Symbol VN30 not found in the database. Skipping.
2024-09-16 17:50:29.830 | WARNING  | __main__:save_to_database:143 - Symbol VNINDEX not found in the database. Skipping.
2024-09-16 17:50:30.025 | SUCCESS  | __main__:save_to_database:153 - Committed 10 posts to the database
2024-09-16 17:50:30.027 | SUCCESS  | __main__:make_api_calls:172 - Retrieved and saved 10 posts. Total: 5840
2024-09-16 17:50:33.666 | SUCCESS  | __main__:save_to_database:153 - Committed 10 posts to the database
2024-09-16 17:50:33.667 | SUCCESS  | __main__:make_api_calls:172 - Retrieved and saved 10 posts. Total: 5850
2024-09-16 17:50:36.635 | SUCCESS  | __main__:save_to_database:153 - Committed 10 posts to the database
2024-09-16 17:50:36.636 | SUCCESS  | __main__:make_api_calls:172 - Retrieved and saved 10 posts. Total: 5860
2024-09-16 17:50:42.022 | WARNING  | __main__:save_to_database:143 - Symbol VNINDEX not found in the database. Skipping.
2024-09-16 17:50:42.129 | SUCCESS  | __main__:save_to_database:153 - Committed 10 posts to the database
2024-09-16 17:50:42.131 | SUCCESS  | __main__:make_api_calls:172 - Retrieved and saved 10 posts. Total: 5870
2024-09-16 17:50:45.539 | WARNING  | __main__:save_to_database:143 - Symbol GC=F not found in the database. Skipping.
2024-09-16 17:50:45.587 | SUCCESS  | __main__:save_to_database:153 - Committed 10 posts to the database
2024-09-16 17:50:45.588 | SUCCESS  | __main__:make_api_calls:172 - Retrieved and saved 10 posts. Total: 5880
2024-09-16 17:50:48.466 | SUCCESS  | __main__:save_to_database:153 - Committed 10 posts to the database
2024-09-16 17:50:48.467 | SUCCESS  | __main__:make_api_calls:172 - Retrieved and saved 10 posts. Total: 5890
2024-09-16 17:50:52.723 | WARNING  | __main__:save_to_database:143 - Symbol KCEU23 not found in the database. Skipping.
2024-09-16 17:50:52.724 | WARNING  | __main__:save_to_database:143 - Symbol LRCH23 not found in the database. Skipping.
2024-09-16 17:50:52.834 | SUCCESS  | __main__:save_to_database:153 - Committed 10 posts to the database
2024-09-16 17:50:52.835 | SUCCESS  | __main__:make_api_calls:172 - Retrieved and saved 10 posts. Total: 5900
2024-09-16 17:50:57.731 | WARNING  | __main__:save_to_database:143 - Symbol VN30 not found in the database. Skipping.
2024-09-16 17:50:57.731 | WARNING  | __main__:save_to_database:143 - Symbol VNINDEX not found in the database. Skipping.
2024-09-16 17:50:57.812 | WARNING  | __main__:save_to_database:143 - Symbol HNXINDEX not found in the database. Skipping.
2024-09-16 17:50:57.812 | WARNING  | __main__:save_to_database:143 - Symbol UPINDEX not found in the database. Skipping.
2024-09-16 17:50:57.813 | WARNING  | __main__:save_to_database:143 - Symbol VN30F1M not found in the database. Skipping.
2024-09-16 17:50:57.813 | WARNING  | __main__:save_to_database:143 - Symbol VNINDEX not found in the database. Skipping.
2024-09-16 17:50:57.860 | SUCCESS  | __main__:save_to_database:153 - Committed 10 posts to the database
2024-09-16 17:50:57.862 | SUCCESS  | __main__:make_api_calls:172 - Retrieved and saved 10 posts. Total: 5910
2024-09-16 17:50:59.817 | WARNING  | __main__:save_to_database:143 - Symbol BZ=F not found in the database. Skipping.
2024-09-16 17:50:59.817 | WARNING  | __main__:save_to_database:143 - Symbol CL=F not found in the database. Skipping.
2024-09-16 17:50:59.817 | WARNING  | __main__:save_to_database:143 - Symbol SI=F not found in the database. Skipping.
2024-09-16 17:50:59.861 | SUCCESS  | __main__:save_to_database:153 - Committed 10 posts to the database
2024-09-16 17:50:59.862 | SUCCESS  | __main__:make_api_calls:172 - Retrieved and saved 10 posts. Total: 5920
2024-09-16 17:51:01.381 | WARNING  | __main__:save_to_database:143 - Symbol GC=F not found in the database. Skipping.
2024-09-16 17:51:01.503 | SUCCESS  | __main__:save_to_database:153 - Committed 10 posts to the database
2024-09-16 17:51:01.504 | SUCCESS  | __main__:make_api_calls:172 - Retrieved and saved 10 posts. Total: 5930
2024-09-16 17:51:04.965 | WARNING  | __main__:save_to_database:143 - Symbol HNXINDEX not found in the database. Skipping.
2024-09-16 17:51:04.966 | WARNING  | __main__:save_to_database:143 - Symbol UPINDEX not found in the database. Skipping.
2024-09-16 17:51:04.966 | WARNING  | __main__:save_to_database:143 - Symbol VNINDEX not found in the database. Skipping.
2024-09-16 17:51:04.975 | WARNING  | __main__:save_to_database:143 - Symbol ^DJI not found in the database. Skipping.
2024-09-16 17:51:04.975 | WARNING  | __main__:save_to_database:143 - Symbol ^GSPC not found in the database. Skipping.
2024-09-16 17:51:04.976 | WARNING  | __main__:save_to_database:143 - Symbol ^IXIC not found in the database. Skipping.
2024-09-16 17:51:05.036 | SUCCESS  | __main__:save_to_database:153 - Committed 10 posts to the database
2024-09-16 17:51:05.037 | SUCCESS  | __main__:make_api_calls:172 - Retrieved and saved 10 posts. Total: 5940
2024-09-16 17:51:08.509 | WARNING  | __main__:save_to_database:143 - Symbol HNXINDEX not found in the database. Skipping.
2024-09-16 17:51:08.510 | WARNING  | __main__:save_to_database:143 - Symbol UPINDEX not found in the database. Skipping.
2024-09-16 17:51:08.510 | WARNING  | __main__:save_to_database:143 - Symbol VNINDEX not found in the database. Skipping.
2024-09-16 17:51:08.563 | SUCCESS  | __main__:save_to_database:153 - Committed 10 posts to the database
2024-09-16 17:51:08.564 | SUCCESS  | __main__:make_api_calls:172 - Retrieved and saved 10 posts. Total: 5950
2024-09-16 17:51:10.840 | SUCCESS  | __main__:save_to_database:153 - Committed 10 posts to the database
2024-09-16 17:51:10.841 | SUCCESS  | __main__:make_api_calls:172 - Retrieved and saved 10 posts. Total: 5960
2024-09-16 17:51:16.742 | SUCCESS  | __main__:save_to_database:153 - Committed 10 posts to the database
2024-09-16 17:51:16.743 | SUCCESS  | __main__:make_api_calls:172 - Retrieved and saved 10 posts. Total: 5970
2024-09-16 17:51:20.102 | SUCCESS  | __main__:save_to_database:153 - Committed 10 posts to the database
2024-09-16 17:51:20.103 | SUCCESS  | __main__:make_api_calls:172 - Retrieved and saved 10 posts. Total: 5980
2024-09-16 17:51:22.184 | WARNING  | __main__:save_to_database:143 - Symbol HNXINDEX not found in the database. Skipping.
2024-09-16 17:51:22.184 | WARNING  | __main__:save_to_database:143 - Symbol UPINDEX not found in the database. Skipping.
2024-09-16 17:51:22.185 | WARNING  | __main__:save_to_database:143 - Symbol VNINDEX not found in the database. Skipping.
2024-09-16 17:51:22.270 | SUCCESS  | __main__:save_to_database:153 - Committed 10 posts to the database
2024-09-16 17:51:22.271 | SUCCESS  | __main__:make_api_calls:172 - Retrieved and saved 10 posts. Total: 5990
2024-09-16 17:51:26.471 | SUCCESS  | __main__:save_to_database:153 - Committed 10 posts to the database
2024-09-16 17:51:26.472 | SUCCESS  | __main__:make_api_calls:172 - Retrieved and saved 10 posts. Total: 6000
2024-09-16 17:51:29.453 | SUCCESS  | __main__:save_to_database:153 - Committed 10 posts to the database
2024-09-16 17:51:29.454 | SUCCESS  | __main__:make_api_calls:172 - Retrieved and saved 10 posts. Total: 6010
2024-09-16 17:51:33.556 | SUCCESS  | __main__:save_to_database:153 - Committed 10 posts to the database
2024-09-16 17:51:33.557 | SUCCESS  | __main__:make_api_calls:172 - Retrieved and saved 10 posts. Total: 6020
2024-09-16 17:51:35.792 | SUCCESS  | __main__:save_to_database:153 - Committed 10 posts to the database
2024-09-16 17:51:35.793 | SUCCESS  | __main__:make_api_calls:172 - Retrieved and saved 10 posts. Total: 6030
2024-09-16 17:51:39.556 | WARNING  | __main__:save_to_database:143 - Symbol HNXINDEX not found in the database. Skipping.
2024-09-16 17:51:39.556 | WARNING  | __main__:save_to_database:143 - Symbol UPINDEX not found in the database. Skipping.
2024-09-16 17:51:39.556 | WARNING  | __main__:save_to_database:143 - Symbol VN30F1M not found in the database. Skipping.
2024-09-16 17:51:39.557 | WARNING  | __main__:save_to_database:143 - Symbol VNINDEX not found in the database. Skipping.
2024-09-16 17:51:39.634 | SUCCESS  | __main__:save_to_database:153 - Committed 10 posts to the database
2024-09-16 17:51:39.635 | SUCCESS  | __main__:make_api_calls:172 - Retrieved and saved 10 posts. Total: 6040
2024-09-16 17:51:44.133 | WARNING  | __main__:save_to_database:143 - Symbol HNXINDEX not found in the database. Skipping.
2024-09-16 17:51:44.133 | WARNING  | __main__:save_to_database:143 - Symbol UPINDEX not found in the database. Skipping.
2024-09-16 17:51:44.133 | WARNING  | __main__:save_to_database:143 - Symbol VN30F1M not found in the database. Skipping.
2024-09-16 17:51:44.134 | WARNING  | __main__:save_to_database:143 - Symbol VNINDEX not found in the database. Skipping.
2024-09-16 17:51:44.142 | WARNING  | __main__:save_to_database:143 - Symbol KCEU23 not found in the database. Skipping.
2024-09-16 17:51:44.142 | WARNING  | __main__:save_to_database:143 - Symbol LRCK23 not found in the database. Skipping.
2024-09-16 17:51:44.174 | WARNING  | __main__:save_to_database:143 - Symbol VNINDEX not found in the database. Skipping.
2024-09-16 17:51:44.211 | SUCCESS  | __main__:save_to_database:153 - Committed 10 posts to the database
2024-09-16 17:51:44.212 | SUCCESS  | __main__:make_api_calls:172 - Retrieved and saved 10 posts. Total: 6050
2024-09-16 17:51:49.429 | SUCCESS  | __main__:save_to_database:153 - Committed 10 posts to the database
2024-09-16 17:51:49.430 | SUCCESS  | __main__:make_api_calls:172 - Retrieved and saved 10 posts. Total: 6060
2024-09-16 17:51:52.529 | SUCCESS  | __main__:save_to_database:153 - Committed 10 posts to the database
2024-09-16 17:51:52.530 | SUCCESS  | __main__:make_api_calls:172 - Retrieved and saved 10 posts. Total: 6070
2024-09-16 17:51:55.662 | WARNING  | __main__:save_to_database:143 - Symbol HNXINDEX not found in the database. Skipping.
2024-09-16 17:51:55.663 | WARNING  | __main__:save_to_database:143 - Symbol UPINDEX not found in the database. Skipping.
2024-09-16 17:51:55.663 | WARNING  | __main__:save_to_database:143 - Symbol VN30F1M not found in the database. Skipping.
2024-09-16 17:51:55.664 | WARNING  | __main__:save_to_database:143 - Symbol VNINDEX not found in the database. Skipping.
2024-09-16 17:51:55.691 | WARNING  | __main__:save_to_database:143 - Symbol HNXINDEX not found in the database. Skipping.
2024-09-16 17:51:55.692 | WARNING  | __main__:save_to_database:143 - Symbol UPINDEX not found in the database. Skipping.
2024-09-16 17:51:55.692 | WARNING  | __main__:save_to_database:143 - Symbol VN30F1M not found in the database. Skipping.
2024-09-16 17:51:55.692 | WARNING  | __main__:save_to_database:143 - Symbol VNINDEX not found in the database. Skipping.
2024-09-16 17:51:55.782 | SUCCESS  | __main__:save_to_database:153 - Committed 10 posts to the database
2024-09-16 17:51:55.786 | SUCCESS  | __main__:make_api_calls:172 - Retrieved and saved 10 posts. Total: 6080
2024-09-16 17:51:57.341 | WARNING  | __main__:save_to_database:143 - Symbol USD-VND not found in the database. Skipping.
2024-09-16 17:51:57.432 | SUCCESS  | __main__:save_to_database:153 - Committed 10 posts to the database
2024-09-16 17:51:57.433 | SUCCESS  | __main__:make_api_calls:172 - Retrieved and saved 10 posts. Total: 6090
2024-09-16 17:51:59.792 | SUCCESS  | __main__:save_to_database:153 - Committed 10 posts to the database
2024-09-16 17:51:59.793 | SUCCESS  | __main__:make_api_calls:172 - Retrieved and saved 10 posts. Total: 6100
2024-09-16 17:52:06.461 | SUCCESS  | __main__:save_to_database:153 - Committed 10 posts to the database
2024-09-16 17:52:06.462 | SUCCESS  | __main__:make_api_calls:172 - Retrieved and saved 10 posts. Total: 6110
2024-09-16 17:52:11.179 | SUCCESS  | __main__:save_to_database:153 - Committed 10 posts to the database
2024-09-16 17:52:11.180 | SUCCESS  | __main__:make_api_calls:172 - Retrieved and saved 10 posts. Total: 6120
2024-09-16 17:52:17.021 | SUCCESS  | __main__:save_to_database:153 - Committed 10 posts to the database
2024-09-16 17:52:17.022 | SUCCESS  | __main__:make_api_calls:172 - Retrieved and saved 10 posts. Total: 6130
2024-09-16 17:52:22.259 | SUCCESS  | __main__:save_to_database:153 - Committed 10 posts to the database
2024-09-16 17:52:22.260 | SUCCESS  | __main__:make_api_calls:172 - Retrieved and saved 10 posts. Total: 6140
2024-09-16 17:52:26.891 | SUCCESS  | __main__:save_to_database:153 - Committed 10 posts to the database
2024-09-16 17:52:26.892 | SUCCESS  | __main__:make_api_calls:172 - Retrieved and saved 10 posts. Total: 6150
2024-09-16 17:52:29.284 | WARNING  | __main__:save_to_database:143 - Symbol ^HSI not found in the database. Skipping.
2024-09-16 17:52:29.285 | WARNING  | __main__:save_to_database:143 - Symbol ^KS11 not found in the database. Skipping.
2024-09-16 17:52:29.285 | WARNING  | __main__:save_to_database:143 - Symbol ^N225 not found in the database. Skipping.
2024-09-16 17:52:29.285 | WARNING  | __main__:save_to_database:143 - Symbol BZ=F not found in the database. Skipping.
2024-09-16 17:52:29.286 | WARNING  | __main__:save_to_database:143 - Symbol CL=F not found in the database. Skipping.
2024-09-16 17:52:29.286 | WARNING  | __main__:save_to_database:143 - Symbol GC=F not found in the database. Skipping.
2024-09-16 17:52:29.286 | WARNING  | __main__:save_to_database:143 - Symbol SI=F not found in the database. Skipping.
2024-09-16 17:52:29.287 | WARNING  | __main__:save_to_database:143 - Symbol VNINDEX not found in the database. Skipping.
2024-09-16 17:52:29.378 | SUCCESS  | __main__:save_to_database:153 - Committed 10 posts to the database
2024-09-16 17:52:29.380 | SUCCESS  | __main__:make_api_calls:172 - Retrieved and saved 10 posts. Total: 6160
2024-09-16 17:52:32.577 | SUCCESS  | __main__:save_to_database:153 - Committed 10 posts to the database
2024-09-16 17:52:32.578 | SUCCESS  | __main__:make_api_calls:172 - Retrieved and saved 10 posts. Total: 6170
2024-09-16 17:52:36.165 | SUCCESS  | __main__:save_to_database:153 - Committed 10 posts to the database
2024-09-16 17:52:36.166 | SUCCESS  | __main__:make_api_calls:172 - Retrieved and saved 10 posts. Total: 6180
2024-09-16 17:52:37.954 | WARNING  | __main__:save_to_database:143 - Symbol US.VFS not found in the database. Skipping.
2024-09-16 17:52:38.029 | WARNING  | __main__:save_to_database:143 - Symbol HNX30 not found in the database. Skipping.
2024-09-16 17:52:38.029 | WARNING  | __main__:save_to_database:143 - Symbol HNXINDEX not found in the database. Skipping.
2024-09-16 17:52:38.029 | WARNING  | __main__:save_to_database:143 - Symbol UPINDEX not found in the database. Skipping.
2024-09-16 17:52:38.030 | WARNING  | __main__:save_to_database:143 - Symbol VN30 not found in the database. Skipping.
2024-09-16 17:52:38.030 | WARNING  | __main__:save_to_database:143 - Symbol VNINDEX not found in the database. Skipping.
2024-09-16 17:52:38.070 | SUCCESS  | __main__:save_to_database:153 - Committed 10 posts to the database
2024-09-16 17:52:38.071 | SUCCESS  | __main__:make_api_calls:172 - Retrieved and saved 10 posts. Total: 6190
2024-09-16 17:52:39.701 | WARNING  | __main__:save_to_database:143 - Symbol HNXINDEX not found in the database. Skipping.
2024-09-16 17:52:39.702 | WARNING  | __main__:save_to_database:143 - Symbol UPINDEX not found in the database. Skipping.
2024-09-16 17:52:39.702 | WARNING  | __main__:save_to_database:143 - Symbol VN30F1M not found in the database. Skipping.
2024-09-16 17:52:39.702 | WARNING  | __main__:save_to_database:143 - Symbol VNINDEX not found in the database. Skipping.
2024-09-16 17:52:39.729 | WARNING  | __main__:save_to_database:143 - Symbol GC=F not found in the database. Skipping.
2024-09-16 17:52:39.753 | WARNING  | __main__:save_to_database:143 - Symbol HNX30 not found in the database. Skipping.
2024-09-16 17:52:39.754 | WARNING  | __main__:save_to_database:143 - Symbol HNXINDEX not found in the database. Skipping.
2024-09-16 17:52:39.754 | WARNING  | __main__:save_to_database:143 - Symbol UPINDEX not found in the database. Skipping.
2024-09-16 17:52:39.755 | WARNING  | __main__:save_to_database:143 - Symbol VN30 not found in the database. Skipping.
2024-09-16 17:52:39.755 | WARNING  | __main__:save_to_database:143 - Symbol VN30F1M not found in the database. Skipping.
2024-09-16 17:52:39.755 | WARNING  | __main__:save_to_database:143 - Symbol VNINDEX not found in the database. Skipping.
2024-09-16 17:52:39.797 | SUCCESS  | __main__:save_to_database:153 - Committed 10 posts to the database
2024-09-16 17:52:39.799 | SUCCESS  | __main__:make_api_calls:172 - Retrieved and saved 10 posts. Total: 6200
2024-09-16 17:52:45.158 | SUCCESS  | __main__:save_to_database:153 - Committed 10 posts to the database
2024-09-16 17:52:45.159 | SUCCESS  | __main__:make_api_calls:172 - Retrieved and saved 10 posts. Total: 6210
2024-09-16 17:52:49.839 | WARNING  | __main__:save_to_database:143 - Symbol USD-VND not found in the database. Skipping.
2024-09-16 17:52:49.942 | SUCCESS  | __main__:save_to_database:153 - Committed 10 posts to the database
2024-09-16 17:52:49.944 | SUCCESS  | __main__:make_api_calls:172 - Retrieved and saved 10 posts. Total: 6220
2024-09-16 17:52:53.718 | SUCCESS  | __main__:save_to_database:153 - Committed 10 posts to the database
2024-09-16 17:52:53.719 | SUCCESS  | __main__:make_api_calls:172 - Retrieved and saved 10 posts. Total: 6230
2024-09-16 17:52:58.455 | SUCCESS  | __main__:save_to_database:153 - Committed 10 posts to the database
2024-09-16 17:52:58.456 | SUCCESS  | __main__:make_api_calls:172 - Retrieved and saved 10 posts. Total: 6240
2024-09-16 17:53:00.035 | WARNING  | __main__:save_to_database:143 - Symbol HNX30 not found in the database. Skipping.
2024-09-16 17:53:00.036 | WARNING  | __main__:save_to_database:143 - Symbol HNXINDEX not found in the database. Skipping.
2024-09-16 17:53:00.036 | WARNING  | __main__:save_to_database:143 - Symbol UPINDEX not found in the database. Skipping.
2024-09-16 17:53:00.036 | WARNING  | __main__:save_to_database:143 - Symbol VN30 not found in the database. Skipping.
2024-09-16 17:53:00.036 | WARNING  | __main__:save_to_database:143 - Symbol VNINDEX not found in the database. Skipping.
2024-09-16 17:53:00.080 | SUCCESS  | __main__:save_to_database:153 - Committed 10 posts to the database
2024-09-16 17:53:00.081 | SUCCESS  | __main__:make_api_calls:172 - Retrieved and saved 10 posts. Total: 6250
2024-09-16 17:53:04.515 | SUCCESS  | __main__:save_to_database:153 - Committed 10 posts to the database
2024-09-16 17:53:04.516 | SUCCESS  | __main__:make_api_calls:172 - Retrieved and saved 10 posts. Total: 6260
2024-09-16 17:53:08.258 | SUCCESS  | __main__:save_to_database:153 - Committed 10 posts to the database
2024-09-16 17:53:08.259 | SUCCESS  | __main__:make_api_calls:172 - Retrieved and saved 10 posts. Total: 6270
2024-09-16 17:53:10.321 | WARNING  | __main__:save_to_database:143 - Symbol GC=F not found in the database. Skipping.
2024-09-16 17:53:10.331 | WARNING  | __main__:save_to_database:143 - Symbol US.VFS not found in the database. Skipping.
2024-09-16 17:53:10.375 | SUCCESS  | __main__:save_to_database:153 - Committed 10 posts to the database
2024-09-16 17:53:10.376 | SUCCESS  | __main__:make_api_calls:172 - Retrieved and saved 10 posts. Total: 6280
2024-09-16 17:53:18.029 | WARNING  | __main__:save_to_database:143 - Symbol KCEU23 not found in the database. Skipping.
2024-09-16 17:53:18.029 | WARNING  | __main__:save_to_database:143 - Symbol LRCH23 not found in the database. Skipping.
2024-09-16 17:53:18.039 | WARNING  | __main__:save_to_database:143 - Symbol BZ=F not found in the database. Skipping.
2024-09-16 17:53:18.040 | WARNING  | __main__:save_to_database:143 - Symbol CL=F not found in the database. Skipping.
2024-09-16 17:53:18.040 | WARNING  | __main__:save_to_database:143 - Symbol SI=F not found in the database. Skipping.
2024-09-16 17:53:18.088 | WARNING  | __main__:save_to_database:143 - Symbol HNX30 not found in the database. Skipping.
2024-09-16 17:53:18.088 | WARNING  | __main__:save_to_database:143 - Symbol HNXINDEX not found in the database. Skipping.
2024-09-16 17:53:18.089 | WARNING  | __main__:save_to_database:143 - Symbol UPINDEX not found in the database. Skipping.
2024-09-16 17:53:18.089 | WARNING  | __main__:save_to_database:143 - Symbol VN30 not found in the database. Skipping.
2024-09-16 17:53:18.089 | WARNING  | __main__:save_to_database:143 - Symbol VNINDEX not found in the database. Skipping.
2024-09-16 17:53:18.119 | SUCCESS  | __main__:save_to_database:153 - Committed 10 posts to the database
2024-09-16 17:53:18.120 | SUCCESS  | __main__:make_api_calls:172 - Retrieved and saved 10 posts. Total: 6290
2024-09-16 17:53:20.746 | WARNING  | __main__:save_to_database:143 - Symbol ^DJI not found in the database. Skipping.
2024-09-16 17:53:20.747 | WARNING  | __main__:save_to_database:143 - Symbol ^GSPC not found in the database. Skipping.
2024-09-16 17:53:20.747 | WARNING  | __main__:save_to_database:143 - Symbol ^IXIC not found in the database. Skipping.
2024-09-16 17:53:20.787 | SUCCESS  | __main__:save_to_database:153 - Committed 10 posts to the database
2024-09-16 17:53:20.788 | SUCCESS  | __main__:make_api_calls:172 - Retrieved and saved 10 posts. Total: 6300
2024-09-16 17:53:25.881 | SUCCESS  | __main__:save_to_database:153 - Committed 10 posts to the database
2024-09-16 17:53:25.882 | SUCCESS  | __main__:make_api_calls:172 - Retrieved and saved 10 posts. Total: 6310
2024-09-16 17:53:31.508 | SUCCESS  | __main__:save_to_database:153 - Committed 10 posts to the database
2024-09-16 17:53:31.509 | SUCCESS  | __main__:make_api_calls:172 - Retrieved and saved 10 posts. Total: 6320
2024-09-16 17:53:35.660 | WARNING  | __main__:save_to_database:143 - Symbol HNXINDEX not found in the database. Skipping.
2024-09-16 17:53:35.660 | WARNING  | __main__:save_to_database:143 - Symbol UPINDEX not found in the database. Skipping.
2024-09-16 17:53:35.660 | WARNING  | __main__:save_to_database:143 - Symbol VNINDEX not found in the database. Skipping.
2024-09-16 17:53:35.784 | SUCCESS  | __main__:save_to_database:153 - Committed 10 posts to the database
2024-09-16 17:53:35.785 | SUCCESS  | __main__:make_api_calls:172 - Retrieved and saved 10 posts. Total: 6330
2024-09-16 17:53:38.494 | WARNING  | __main__:save_to_database:143 - Symbol HNXINDEX not found in the database. Skipping.
2024-09-16 17:53:38.495 | WARNING  | __main__:save_to_database:143 - Symbol UPINDEX not found in the database. Skipping.
2024-09-16 17:53:38.495 | WARNING  | __main__:save_to_database:143 - Symbol VNINDEX not found in the database. Skipping.
2024-09-16 17:53:38.552 | SUCCESS  | __main__:save_to_database:153 - Committed 10 posts to the database
2024-09-16 17:53:38.553 | SUCCESS  | __main__:make_api_calls:172 - Retrieved and saved 10 posts. Total: 6340
2024-09-16 17:53:40.502 | SUCCESS  | __main__:save_to_database:153 - Committed 10 posts to the database
2024-09-16 17:53:40.503 | SUCCESS  | __main__:make_api_calls:172 - Retrieved and saved 10 posts. Total: 6350
2024-09-16 17:53:46.120 | WARNING  | __main__:save_to_database:143 - Symbol HNXINDEX not found in the database. Skipping.
2024-09-16 17:53:46.120 | WARNING  | __main__:save_to_database:143 - Symbol UPINDEX not found in the database. Skipping.
2024-09-16 17:53:46.121 | WARNING  | __main__:save_to_database:143 - Symbol VNINDEX not found in the database. Skipping.
2024-09-16 17:53:46.222 | SUCCESS  | __main__:save_to_database:153 - Committed 10 posts to the database
2024-09-16 17:53:46.223 | SUCCESS  | __main__:make_api_calls:172 - Retrieved and saved 10 posts. Total: 6360
2024-09-16 17:53:56.442 | SUCCESS  | __main__:save_to_database:153 - Committed 10 posts to the database
2024-09-16 17:53:56.443 | SUCCESS  | __main__:make_api_calls:172 - Retrieved and saved 10 posts. Total: 6370
2024-09-16 17:54:05.163 | WARNING  | __main__:save_to_database:143 - Symbol GC=F not found in the database. Skipping.
2024-09-16 17:54:05.262 | SUCCESS  | __main__:save_to_database:153 - Committed 10 posts to the database
2024-09-16 17:54:05.263 | SUCCESS  | __main__:make_api_calls:172 - Retrieved and saved 10 posts. Total: 6380
2024-09-16 17:54:07.902 | WARNING  | __main__:save_to_database:143 - Symbol USD-VND not found in the database. Skipping.
2024-09-16 17:54:07.920 | WARNING  | __main__:save_to_database:143 - Symbol HNXINDEX not found in the database. Skipping.
2024-09-16 17:54:07.920 | WARNING  | __main__:save_to_database:143 - Symbol UPINDEX not found in the database. Skipping.
2024-09-16 17:54:07.920 | WARNING  | __main__:save_to_database:143 - Symbol VN30F1M not found in the database. Skipping.
2024-09-16 17:54:07.920 | WARNING  | __main__:save_to_database:143 - Symbol VNINDEX not found in the database. Skipping.
2024-09-16 17:54:07.947 | WARNING  | __main__:save_to_database:143 - Symbol KCEU23 not found in the database. Skipping.
2024-09-16 17:54:07.948 | WARNING  | __main__:save_to_database:143 - Symbol LRCK23 not found in the database. Skipping.
2024-09-16 17:54:07.972 | SUCCESS  | __main__:save_to_database:153 - Committed 10 posts to the database
2024-09-16 17:54:07.973 | SUCCESS  | __main__:make_api_calls:172 - Retrieved and saved 10 posts. Total: 6390
2024-09-16 17:54:10.965 | WARNING  | __main__:save_to_database:143 - Symbol VNINDEX not found in the database. Skipping.
2024-09-16 17:54:11.003 | WARNING  | __main__:save_to_database:143 - Symbol HNXINDEX not found in the database. Skipping.
2024-09-16 17:54:11.004 | WARNING  | __main__:save_to_database:143 - Symbol UPINDEX not found in the database. Skipping.
2024-09-16 17:54:11.004 | WARNING  | __main__:save_to_database:143 - Symbol VN30F1M not found in the database. Skipping.
2024-09-16 17:54:11.004 | WARNING  | __main__:save_to_database:143 - Symbol VNINDEX not found in the database. Skipping.
2024-09-16 17:54:11.101 | SUCCESS  | __main__:save_to_database:153 - Committed 10 posts to the database
2024-09-16 17:54:11.102 | SUCCESS  | __main__:make_api_calls:172 - Retrieved and saved 10 posts. Total: 6400
2024-09-16 17:54:16.808 | SUCCESS  | __main__:save_to_database:153 - Committed 10 posts to the database
2024-09-16 17:54:16.809 | SUCCESS  | __main__:make_api_calls:172 - Retrieved and saved 10 posts. Total: 6410
2024-09-16 17:54:20.236 | WARNING  | __main__:save_to_database:143 - Symbol HNXINDEX not found in the database. Skipping.
2024-09-16 17:54:20.236 | WARNING  | __main__:save_to_database:143 - Symbol UPINDEX not found in the database. Skipping.
2024-09-16 17:54:20.237 | WARNING  | __main__:save_to_database:143 - Symbol VN30F1M not found in the database. Skipping.
2024-09-16 17:54:20.237 | WARNING  | __main__:save_to_database:143 - Symbol VNINDEX not found in the database. Skipping.
2024-09-16 17:54:20.250 | WARNING  | __main__:save_to_database:143 - Symbol GC=F not found in the database. Skipping.
2024-09-16 17:54:20.293 | SUCCESS  | __main__:save_to_database:153 - Committed 10 posts to the database
2024-09-16 17:54:20.294 | SUCCESS  | __main__:make_api_calls:172 - Retrieved and saved 10 posts. Total: 6420
2024-09-16 17:54:25.903 | WARNING  | __main__:save_to_database:143 - Symbol HNXINDEX not found in the database. Skipping.
2024-09-16 17:54:25.903 | WARNING  | __main__:save_to_database:143 - Symbol UPINDEX not found in the database. Skipping.
2024-09-16 17:54:25.903 | WARNING  | __main__:save_to_database:143 - Symbol VNINDEX not found in the database. Skipping.
2024-09-16 17:54:26.021 | SUCCESS  | __main__:save_to_database:153 - Committed 10 posts to the database
2024-09-16 17:54:26.022 | SUCCESS  | __main__:make_api_calls:172 - Retrieved and saved 10 posts. Total: 6430
2024-09-16 17:54:29.780 | SUCCESS  | __main__:save_to_database:153 - Committed 10 posts to the database
2024-09-16 17:54:29.781 | SUCCESS  | __main__:make_api_calls:172 - Retrieved and saved 10 posts. Total: 6440
2024-09-16 17:54:33.519 | WARNING  | __main__:save_to_database:143 - Symbol US.VFS not found in the database. Skipping.
2024-09-16 17:54:33.574 | SUCCESS  | __main__:save_to_database:153 - Committed 10 posts to the database
2024-09-16 17:54:33.575 | SUCCESS  | __main__:make_api_calls:172 - Retrieved and saved 10 posts. Total: 6450
2024-09-16 17:54:38.962 | WARNING  | __main__:save_to_database:143 - Symbol HNXINDEX not found in the database. Skipping.
2024-09-16 17:54:38.962 | WARNING  | __main__:save_to_database:143 - Symbol UPINDEX not found in the database. Skipping.
2024-09-16 17:54:38.962 | WARNING  | __main__:save_to_database:143 - Symbol VNINDEX not found in the database. Skipping.
2024-09-16 17:54:39.067 | SUCCESS  | __main__:save_to_database:153 - Committed 10 posts to the database
2024-09-16 17:54:39.068 | SUCCESS  | __main__:make_api_calls:172 - Retrieved and saved 10 posts. Total: 6460
2024-09-16 17:54:41.693 | SUCCESS  | __main__:save_to_database:153 - Committed 10 posts to the database
2024-09-16 17:54:41.695 | SUCCESS  | __main__:make_api_calls:172 - Retrieved and saved 10 posts. Total: 6470
2024-09-16 17:54:46.391 | WARNING  | __main__:save_to_database:143 - Symbol GC=F not found in the database. Skipping.
2024-09-16 17:54:46.435 | SUCCESS  | __main__:save_to_database:153 - Committed 10 posts to the database
2024-09-16 17:54:46.436 | SUCCESS  | __main__:make_api_calls:172 - Retrieved and saved 10 posts. Total: 6480
2024-09-16 17:54:51.226 | WARNING  | __main__:save_to_database:143 - Symbol ^HSI not found in the database. Skipping.
2024-09-16 17:54:51.226 | WARNING  | __main__:save_to_database:143 - Symbol ^KS11 not found in the database. Skipping.
2024-09-16 17:54:51.227 | WARNING  | __main__:save_to_database:143 - Symbol ^N225 not found in the database. Skipping.
2024-09-16 17:54:51.227 | WARNING  | __main__:save_to_database:143 - Symbol BZ=F not found in the database. Skipping.
2024-09-16 17:54:51.227 | WARNING  | __main__:save_to_database:143 - Symbol GC=F not found in the database. Skipping.
2024-09-16 17:54:51.228 | WARNING  | __main__:save_to_database:143 - Symbol HNXINDEX not found in the database. Skipping.
2024-09-16 17:54:51.228 | WARNING  | __main__:save_to_database:143 - Symbol VNINDEX not found in the database. Skipping.
2024-09-16 17:54:51.313 | SUCCESS  | __main__:save_to_database:153 - Committed 10 posts to the database
2024-09-16 17:54:51.315 | SUCCESS  | __main__:make_api_calls:172 - Retrieved and saved 10 posts. Total: 6490
2024-09-16 17:54:56.165 | WARNING  | __main__:save_to_database:143 - Symbol BZ=F not found in the database. Skipping.
2024-09-16 17:54:56.165 | WARNING  | __main__:save_to_database:143 - Symbol CL=F not found in the database. Skipping.
2024-09-16 17:54:56.165 | WARNING  | __main__:save_to_database:143 - Symbol SI=F not found in the database. Skipping.
2024-09-16 17:54:56.171 | WARNING  | __main__:save_to_database:143 - Symbol HNXINDEX not found in the database. Skipping.
2024-09-16 17:54:56.172 | WARNING  | __main__:save_to_database:143 - Symbol UPINDEX not found in the database. Skipping.
2024-09-16 17:54:56.172 | WARNING  | __main__:save_to_database:143 - Symbol VN30F1M not found in the database. Skipping.
2024-09-16 17:54:56.172 | WARNING  | __main__:save_to_database:143 - Symbol VNINDEX not found in the database. Skipping.
2024-09-16 17:54:56.180 | WARNING  | __main__:save_to_database:143 - Symbol US.VFS not found in the database. Skipping.
2024-09-16 17:54:56.198 | WARNING  | __main__:save_to_database:143 - Symbol HNXINDEX not found in the database. Skipping.
2024-09-16 17:54:56.199 | WARNING  | __main__:save_to_database:143 - Symbol UPINDEX not found in the database. Skipping.
2024-09-16 17:54:56.199 | WARNING  | __main__:save_to_database:143 - Symbol VN30F1M not found in the database. Skipping.
2024-09-16 17:54:56.200 | WARNING  | __main__:save_to_database:143 - Symbol VNINDEX not found in the database. Skipping.
2024-09-16 17:54:56.248 | SUCCESS  | __main__:save_to_database:153 - Committed 10 posts to the database
2024-09-16 17:54:56.250 | SUCCESS  | __main__:make_api_calls:172 - Retrieved and saved 10 posts. Total: 6500
